id;club-id;trikot-number;player-name;country;total-games;goals;assists
1;1;1;Manuel Neuer;D;32;0;0
2;1;22;Tom Starke;D;0;0;0
3;1;26;Sven Ulreich;D;0;0;0
4;1;27;David Alaba;A;28;2;1
5;1;21;Philipp Lahm;D;24;1;1
6;1;13;Rafinha;BRA;23;0;3
7;1;32;Joshua Kimmich;D;22;0;2
8;1;17;Jerome Boateng;D;18;0;3
9;1;18;Juan Bernat;E;16;0;1
10;1;8;Javier Martinez;E;15;1;1
11;1;5;Mehdi Benatia;MAR;12;1;2
12;1;28;Holger Badstuber;D;7;0;0
13;1;4;Serdar Tasci;D;3;0;0
14;1;4;Dante;BRA;1;0;0
15;1;15;Jan Kirchhoff;D;0;0;0
16;1;23;Arturo Vidal;RCH;29;4;6
17;1;11;Douglas Costa;BRA;26;4;12
18;1;6;Thiago;E;25;2;4
19;1;14;Xabi Alonso;E;25;0;1
20;1;10;Arjen Robben;NL;15;4;1
21;1;20;Sebastian Rode;D;13;1;1
22;1;7;Franck Ribery;F;11;2;5
23;1;16;Gianluca Gaudino;D;0;0;0
24;1;34;Pierre Emil Höjbjerg;DEN;0;0;0
25;1;37;Julian Green;USA;0;0;0
26;1;9;Robert Lewandowski;PL;30;27;3
27;1;25;Thomas Müller;D;30;20;7
28;1;29;Kingsley Coman;F;22;4;5
29;1;19;Mario Götze;D;13;1;5
30;1;0;Milos Pantovic;SER;1;0;0
31;1;24;Sinan Kurt;D;0;0;0
32;7;38;Roman Bürki;CH;31;0;0
33;7;1;Roman Weidenfeller;D;1;0;0
34;7;39;Hendrik Bonmann;D;0;0;0
35;7;15;Mats Hummels;D;28;2;2
36;7;29;Marcel Schmelzer;D;24;0;3
37;7;25;Sokratis;GR;23;1;0
38;7;28;Matthias Ginter;D;23;3;6
39;7;26;Lukasz Piszczek;PL;20;0;3
40;7;37;Erik Durm;D;12;1;1
41;7;4;Neven Subotic;SER/USA;6;0;0
42;7;3;Joo Ho Park;KOR;5;0;0
43;7;40;Jeremy Dudziak;D;0;0;0
44;7;0;Pascal Stenzel;D;0;0;0
45;7;10;Henrikh Mkhitaryan;ARM;30;11;20
46;7;33;Julian Weigl;D;29;0;0
47;7;23;Shinji Kagawa;JAP;27;9;9
48;7;8;Ilkay Gündogan;D;25;1;3
49;7;11;Marco Reus;D;24;11;4
50;7;27;Gonzalo Castro;D/E;23;2;7
51;7;6;Sven Bender;D;17;0;0
52;7;14;Moritz Leitner;A;8;0;1
53;7;18;Nuri Sahin;TUR;8;0;2
54;7;22;Christian Pulisic;USA;8;2;0
55;7;7;Jonas Hofmann;D;7;1;1
56;7;0;Adnan Januzaj;B;6;0;2
57;7;30;Felix Passlack;D;3;0;0
58;7;44;Kevin Kampl;SLO;1;0;0
59;7;21;Oliver Kirch;D;0;0;0
60;7;0;Kevin Großkreutz;D;0;0;0
61;7;0;Jakub Blaszczykowski;PL;0;0;0
62;7;17;Pierre-Emerick Aubameyang;GAB;29;25;6
63;7;20;Adrian Ramos;KOL;25;9;5
64;4;1;Bernd Leno;D;32;0;0
65;4;22;David Yelldell;USA;0;0;0
66;4;25;Dario Kresic;D;0;0;0
67;4;4;Jonathan Tah;D;29;0;1
68;4;18;Wendell;BRA;28;0;1
69;4;2;André Ramalho;BRA;17;0;0
70;4;21;Ömer Toprak;TUR/D;17;1;0
71;4;14;Kyriakos Papadopoulos;GR;16;0;0
72;4;16;Tin Jedvaj;CRO;14;0;0
73;4;26;Giulio Donati;I;12;0;1
74;4;14;Roberto Hilbert;D;11;0;1
75;4;17;Sebastian Boenisch;D;8;1;0
76;4;33;Lukas Boeder;D;0;0;0
77;4;10;Hakan Calhanoglu;TUR/D;29;3;6
78;4;19;Julian Brandt;D;28;9;5
79;4;23;Christoph Kramer;D;27;0;2
80;4;44;Kevin Kampl;SLO;21;2;3
81;4;8;Lars Bender;D;10;1;1
82;4;35;Wladen Yurschenko;UKR;7;1;0
83;4;37;Marlon Frey;D;7;0;0
84;4;0;Benjamin Henrichs;D;7;0;1
85;4;27;Robbie Kruse;AUS;6;0;0
86;4;20;Charles Aranguiz;RCH;5;0;1
87;4;27;Robbie Kruse;AUS;2;0;0
88;4;24;Seung-Woo Ryu;KOR;0;0;0
89;4;38;Karim Bellarabi;D;32;6;8
90;4;11;Stefan Kießling;D;28;4;3
91;4;7;Chicharito;MEX;27;17;3
92;4;14;Admir Mehmedi;CH;26;2;7
93;4;0;Heung-Min Son;KOR;1;0;0
94;3;1;Yann Sommer;CH;31;0;0
95;3;21;Tobias Sippel;D;1;0;0
96;3;33;Christofer Heimeroth;D;0;0;0
97;3;3;Andreas Christensen;DEN;29;3;1
98;3;17;Oscar Wendt;SWE;29;3;3
99;3;19;Fabian Johnson;D;26;6;3
100;3;30;Nico Elvedi;CH;19;0;2
101;3;27;Julian Korb;D;16;1;1
102;3;24;Tony Jantschke;D;11;0;0
103;3;5;Martin Hinteregger;A;10;0;0
104;3;4;Roel Brouwers;NL;7;0;0
105;3;15;Alvaro Dominguez;E;6;0;0
106;3;39;Martin Stranzl;A;3;0;0
107;3;0;Mandela Egbo;ENG;0;0;0
108;3;8;Mahmoud Dahoud;D;31;5;8
109;3;6;Havard Nordtveit;NOR;29;4;1
110;3;10;Thorgan Hazard;B;27;3;5
111;3;34;Granit Xhaka;CH;26;3;0
112;3;16;Ibrahima Traore;GUI/F;22;3;1
113;3;7;Patrick Herrmann;D;16;3;2
114;3;28;André Hahn;D;13;5;1
115;3;18;Marvin Schulz;D;7;0;1
116;3;23;Jonas Hofmann;D;7;0;0
117;3;14;Nico Schulz;D;1;0;0
118;3;0;Bilal Sezer;TUR;0;0;0
119;3;0;Djibril Sow;CH;0;0;0
120;3;11;Raffael;BRA;30;13;10
121;3;13;Lars Stindl;D;29;7;9
122;3;9;Josip Drmic;CH;12;1;0
123;3;31;Branimir Hrgota;SWE;9;0;0
124;3;36;Marlon Ritter;D;0;0;0
125;15;22;Rune Jarstein;NOR;27;0;0
126;15;1;Thomas Kraft;D;6;0;0
127;15;29;Nils-Jonathan Körber;D;0;0;0
128;15;35;Marius Gersbeck;D;0;0;0
129;15;0;Sascha Burchert;D;0;0;0
130;15;21;Marvin Plattenhardt;D;32;2;5
131;15;20;Mitchell-Elijah Weiser;D;27;2;4
132;15;15;Sebastian Langkamp;D;21;0;1
133;15;25;John Brooks;D;21;1;1
134;15;5;Niklas Stark;D;19;2;0
135;15;23;Johannes van den Bergh;D;13;0;1
136;15;2;Peter Pekarik;SVK;11;0;1
137;15;39;Yanni Regäsel;D;6;0;0
138;15;34;Maximilian Mittelstädt;D;2;0;0
139;15;0;Nico Beyer;D;0;0;0
140;15;3;Per Skjelbred;NOR;30;0;2
141;15;24;Genki Haraguchi;JAP;30;2;4
142;15;6;Vladimír Darida;CZE;29;4;3
143;15;28;Fabian Lustenberger;CH;28;1;0
144;15;9;Alexander Baumjohann;D;23;1;2
145;15;14;Valentin Stocker;CH;20;1;0
146;15;17;Tolga Cigerci;TUR;18;0;1
147;15;13;Jens Hegeler;D;16;0;1
148;15;27;Roy Beerens;NL;2;0;0
149;15;12;Ronny;BRA;1;0;0
150;15;26;Nico Schulz;D;1;0;0
151;15;31;Florian Kohls;D;1;0;0
152;15;7;Hajime Hosogai;JAP;0;0;0
153;15;10;Änis Ben-Hatira;D;0;0;0
154;15;11;Salomon Kalou;CIV;30;14;2
155;15;19;Vedad Ibisevic;BOS;25;10;3
156;15;16;Julian Schieber;D;4;0;1
157;15;11;Sami Allagui;TUN;0;0;0
158;15;18;Sinan Kurt;D;0;0;0
159;6;1;Ralf Fährmann;D;32;0;0
160;6;30;Michael Gspurning;A;0;0;0
161;6;34;Fabian Giefer;D;0;0;0
162;6;0;Alexander Nübel;D;0;0;0
163;6;32;Joel Matip;CMR/D;32;3;4
164;6;33;Roman Neustädter;D;28;0;1
165;6;15;Dennis Aogo;D;23;0;1
166;6;3;Junior Caicara;BRA;22;0;3
167;6;6;Sead Kolasinac;D/CRO;21;1;0
168;6;27;Sascha Riether;D;17;0;0
169;6;4;Benedikt Höwedes;D;13;1;0
170;6;2;Marvin Friedrich;D;2;0;0
171;6;20;Thilo Kehrer;D;1;0;0
172;6;24;Kaan Ayhan;D;1;0;0
173;6;31;Matija Nastasic;SER;1;0;0
174;6;22;Atsuto Uchida;JAP;0;0;0
175;6;0;Felipe Santana;BRA;0;0;0
176;6;7;Maximilian Meyer;D;30;5;7
177;6;5;Johannes Geis;D;26;2;6
178;6;8;Leon Goretzka;D;24;1;4
179;6;23;Pierre Emil Höjbjerg;DEN;22;0;1
180;6;11;Younes Belhanda;MAR/F;14;2;0
181;6;21;Allesandro Schöpf;A;11;3;2
182;6;12;Marco Höger;D;4;0;0
183;6;10;Julian Draxler;D;3;1;0
184;6;9;Kevin-Prince Boateng;GHA/D;0;0;0
185;6;16;Maurice Multhaup;D;0;0;0
186;6;27;Tranquillo Barnetta;CH;0;0;0
187;6;19;Leroy Sané;D/F;30;7;6
188;6;25;Klaas Jan Huntelaar;NL;29;10;2
189;6;13;Eric Maxim Choupo-Moting;CMR/D;26;5;2
190;6;9;Franco Di Santo;ARG;25;2;1
191;6;18;Sidney Sam;D;3;0;0
192;6;36;Felix Platte;D;1;0;0
193;6;0;Fabian Reese;D;1;0;0
194;6;0;Felix Schröter;D;0;0;0
195;11;21;Loris Karius;D;32;0;0
196;11;23;Gianluca Curci;I;0;0;0
197;11;33;Jannik Huth;D;0;0;0
198;11;18;Daniel Brosinski;D;30;1;3
199;11;16;Stefan Bell;D;28;1;4
200;11;3;Leon Balogun;D;21;1;0
201;11;26;Niko Bungert;D;19;0;0
202;11;7;Pierre Bengtsson;SWE;15;0;0
203;11;24;Gaetan Bussmann;F;11;1;0
204;11;2;Giulio Donati;I;9;0;1
205;11;42;Alexander Hack;D;7;0;0
206;11;2;Gonzalo Jara;RCH;6;0;0
207;11;24;Joo Ho Park;KOR;1;0;0
208;11;5;Henrique Sereno;POR;0;0;0
209;11;10;Yunus Malli;D;32;10;4
210;11;14;Julian Baumgartlinger;A;29;2;1
211;11;17;Jairo;E;29;7;8
212;11;6;Danny Latza;D;27;0;3
213;11;27;Christian Clemens;D;26;5;4
214;11;20;Fabian Frei;CH;16;0;1
215;11;45;Suat Serdar;D;10;0;0
216;11;8;Christoph Moritz;D;7;0;0
217;11;21;Karim Onisiwo;A;7;0;0
218;11;13;Ja-Cheol Koo;KOR;2;0;0
219;11;47;Philipp Klement;D;2;0;0
220;11;11;Maximilian Beister;D;1;0;0
221;11;28;Todor Nedelev;BUL;1;0;0
222;11;29;Devante Parker;D;1;0;0
223;11;19;Elkin Soto;KOL;0;0;0
224;11;25;Niki Zimling;DEN;0;0;0
225;11;15;Pablo de Blasis;ARG;26;4;4
226;11;9;Yoshinori Muto;JAP;20;7;4
227;11;11;Jhon Cordoba;KOL;20;4;1
228;11;31;Florian Niederlechner;D;12;0;0
229;11;11;Emil Berggreen;DEN;0;0;0
230;12;1;Timo Horn;D;32;0;0
231;12;18;Thomas Kessler;D;0;0;0
232;12;37;Daniel Mesenhöler;D;0;0;0
233;12;3;Dominique Heintz;D;31;2;0
234;12;14;Jonas Hector;D;31;0;4
235;12;5;Dominik Maroh;D/SLO;23;2;1
236;12;4;Frederik Sörensen;DEN;21;0;2
237;12;16;Pawel Olkowski;PL;18;0;1
238;12;25;Filip Mladenovic;SER;13;0;2
239;12;19;Mergim Mavraj;D/ALB;10;0;0
240;12;0;Lukas Klünter;D;1;0;0
241;12;7;Marcel Risse;D;31;3;5
242;12;33;Matthias Lehmann;D;31;0;2
243;12;21;Leonardo Bittencourt;D;27;3;3
244;12;31;Yannick Gerhardt;D;27;2;4
245;12;6;Kevin Vogt;D;22;0;2
246;12;8;Milos Jojic;SER;14;1;0
247;12;29;Dusan Svento;SVK;7;1;0
248;12;0;Marcel Hartel;D;5;0;0
249;12;25;Kazuki Nagasawa;JAP;1;0;0
250;12;17;Slawomir Peszko;PL;0;0;0
251;12;27;Anthony Modeste;F;32;14;3
252;12;13;Yuya Osako;JAP;23;1;1
253;12;11;Simon Zoller;D;22;6;1
254;12;15;Philipp Hosiner;A;15;1;0
255;12;26;Bard Finne;NOR;0;0;0
256;17;1;Ramazan Özcan;A;27;0;0
257;17;26;Ørjan Nyland;NOR;5;0;0
258;17;39;Christian Ortag;D;0;0;0
259;17;34;Marvin Matip;D;31;2;1
260;17;5;Benjamin Hübner;D;28;1;0
261;17;23;Robert Bauer;D;23;1;0
262;17;18;Romain Brégerie;F;22;0;0
263;17;21;Danny da Costa;D;18;0;4
264;17;28;Tobias Levels;NL;16;1;2
265;17;29;Markus Suttner;A;16;0;0
266;17;20;Konstantin Engel;D;4;0;0
267;17;15;Danilo;BRA;1;0;0
268;17;10;Pascal Groß;D;30;1;4
269;17;8;Roger;BRA;28;1;1
270;17;6;Alfredo Morales;D;23;1;2
271;17;14;Stefan Lex;D;19;2;0
272;17;19;Max Christiansen;D;18;0;1
273;17;36;Almog Cohen;ISR;18;0;2
274;17;31;Maurice Multhaup;D;4;0;0
275;17;22;Stefan Wannenwetsch;D;1;0;0
276;17;30;Thomas Pledl;D;0;0;0
277;17;7;Mathew Leckie;AUS;30;2;0
278;17;9;Moritz Hartmann;D;28;10;1
279;17;16;Lukas Hinterseer;A;26;6;0
280;17;37;Dario Lezcano;PAR;15;2;1
281;17;25;Elias Kachunga;D;10;0;0
282;17;11;Tomas Pekhart;CZE;4;0;0
283;2;1;Diego Benaglio;CH;21;0;0
284;2;28;Koen Casteels;B;11;0;0
285;2;20;Max Grün;D;0;0;0
286;2;15;Christian Träsch;D;27;0;2
287;2;25;Naldo;BRA;27;0;0
288;2;8;Vieirinha;POR;25;1;5
289;2;34;Ricardo Rodríguez;CH/E;24;2;3
290;2;18;Dante;BRA;21;1;0
291;2;4;Marcel Schäfer;D;19;1;1
292;2;24;Sebastian Jung;D;11;0;1
293;2;31;Robin Knoche;D;10;1;0
294;2;5;Timm Klose;CH;8;1;0
295;2;6;Carlos Ascues;PER;1;0;0
296;2;26;Felipe Lopes;BRA;1;0;0
297;2;37;Moritz Sprenger;D;0;0;0
298;2;23;Josuha Guilavogui;F;29;2;0
299;2;27;Maximilian Arnold;D;29;2;1
300;2;17;Andre Schürrle;D;27;7;4
301;2;7;Daniel Caligiuri;I/D;26;2;5
302;2;10;Julian Draxler;D;20;5;4
303;2;22;Luiz Gustavo;BRA;20;0;2
304;2;9;Ivan Perisic;CRO;2;1;0
305;2;10;Aaron Hunt;D;2;0;0
306;2;14;Kevin De Bruyne;B;2;0;0
307;2;33;Paul Seguin;D;2;0;0
308;2;38;Ismail Azzaoui;B;2;0;0
309;2;0;Francisco Rodriguez;CH;1;0;0
310;2;11;Max Kruse;D;30;6;8
311;2;12;Bas Dost;NL;20;8;2
312;2;3;Nicklas Bendtner;DEN;13;2;0
313;2;16;Bruno Henrique;BRA;7;0;1
314;2;0;Leandro Putaro;D;4;0;0
315;2;32;Oskar Zawada;PL;0;0;0
316;2;33;Sebastian Stolze;D;0;0;0
317;16;15;René Adler;D;24;0;1
318;16;1;Jaroslav Drobny;CZE;9;0;1
319;16;30;Andreas Hirzel;CH;1;0;0
320;16;22;Matthias Ostrzolek;D;30;0;2
321;16;4;Emir Spahic;BOS;25;0;1
322;16;5;Johan Djourou;CH;24;2;1
323;16;2;Dennis Diekmeier;D;21;0;0
324;16;3;Cleber;BRA;21;1;0
325;16;24;Gotoku Sakai;JAP;20;0;1
326;16;19;Dren Feka;D;0;0;0
327;16;31;Ronny Marcos;D;0;0;0
328;16;39;Ashton-Phillip Götz;D;0;0;0
329;16;8;Lewis Holtby;D;32;3;3
330;16;7;Ivo Ilicevic;CRO;30;4;2
331;16;27;Nicolai Müller;D;28;8;5
332;16;14;Aaron Hunt;D;20;2;2
333;16;28;Gideon Jung;D;19;0;1
334;16;40;Gojko Kacar;SER;17;1;0
335;16;20;Albin Ekdal;SWE;14;0;0
336;16;21;Marcelo Diaz;RCH;11;0;0
337;16;18;Josip Drmic;CH;6;1;0
338;16;21;Nabil Bahoui;SWE;4;0;0
339;16;17;Zoltán Stieber;HUN;2;0;0
340;16;0;Ahmet Arslan;TUR;1;0;0
341;16;6;Kerem Demirbay;TUR;0;0;0
342;16;19;Petr Jiracek;CZE;0;0;0
343;16;25;Mohamed Gouaida;F;0;0;0
344;16;34;Finn Porath;D;0;0;0
345;16;10;Pierre-Michel Lasogga;D;28;8;3
346;16;23;Michael Gregoritsch;A;23;3;0
347;16;9;Sven Schipplock;D;19;0;4
348;16;16;Artjoms Rudnevs;LAT;11;2;1
349;16;11;Ivica Olic;CRO;8;0;1
350;16;33;Batuhan Altintas;TUR;0;0;0
351;5;35;Marwin Hitz;CH;31;0;0
352;5;1;Alexander Manninger;A;1;0;0
353;5;24;Ionnis Gelios;D;0;0;0
354;5;28;Yannik Oettl;D;0;0;0
355;5;5;Ragnar Klavan;EST;30;0;0
356;5;2;Paul Verhaegh;NL;25;6;2
357;5;31;Philipp Max;D;25;0;0
358;5;20;Jeong-Ho Hong;KOR;22;2;0
359;5;3;Konstantinos Stafylidis;GR;10;1;0
360;5;6;Jeffrey Gouweleeuw;NL;10;0;0
361;5;16;Christoph Janker;D;10;0;0
362;5;18;Jan-Ingwer Callsen-Bracker;D;9;1;0
363;5;4;Daniel Opare;GHA;3;0;0
364;5;12;Abdul Rahman Baba;GHA;0;0;0
365;5;32;Raphael Framberger;D;0;0;0
366;5;39;Maik Uhde;D;0;0;0
367;5;40;Tim Rieder;D;0;0;0
368;5;11;Alexander Esswein;D;29;4;2
369;5;21;Dominik Kohr;D;29;0;2
370;5;10;Daniel Baier;D;26;0;2
371;5;19;Ja-Cheol Koo;KOR;26;8;2
372;5;30;Caiuby;BRA;24;4;6
373;5;8;Markus Feulner;D;19;1;1
374;5;7;Halil Altintop;TUR;17;1;2
375;5;13;Tobias Werner;D;13;0;1
376;5;14;Jan Morávek;CZE;10;1;0
377;5;15;Piotr Trochowski;D;6;0;0
378;5;9;Shawn Parker;D;0;0;0
379;5;26;Bastian Kurz;D;0;0;0
380;5;29;Marco Schuster;D;0;0;0
381;5;36;Max Reinthaler;I;0;0;0
382;5;36;Erik Thommy;D;0;0;0
383;5;37;Arif Ekin;D;0;0;0
384;5;25;Raul Bobadilla;ARG;25;4;3
385;5;22;Dong-Won Ji;KOR;19;0;0
386;5;23;Tim Matavz;SLO;11;0;0
387;5;27;Alfred Finnbogason;ISL;11;6;3
388;5;33;Sascha Mölders;D;4;0;0
389;5;17;Albian Ajeti;CH;1;0;0
390;5;0;Nikola Djurdjic;SER;0;0;0
391;8;1;Oliver Baumann;D;32;0;0
392;8;13;Jens Grahl;D;0;0;0
393;8;33;Alexander Stolz;D;0;0;0
394;8;25;Niklas Süle;D;32;0;1
395;8;3;Pavel Kaderabek;CZE;26;0;1
396;8;12;Tobias Strobl;D;25;0;1
397;8;5;Fabian Schär;CH;23;1;0
398;8;4;Ermin Bicakcic;D;19;0;0
399;8;36;Jeremy Toljan;D;17;1;0
400;8;20;Jin-Su Kim;KOR;15;0;0
401;8;21;Nicolai Rapp;D;0;0;0
402;8;32;Benedikt Gimber;D;0;0;0
403;8;0;Luis Advíncula;PER;0;0;0
404;8;0;Jannik Dehm;D;0;0;0
405;8;8;Eugen Polanski;PL/D;25;1;2
406;8;9;Eduardo Vargas;RCH;24;2;4
407;8;10;Jonathan Schmid;F;23;4;0
408;8;34;Nadiem Amiri;D;23;4;4
409;8;6;Sebastian Rudy;D;22;2;1
410;8;16;Pirmin Schwegler;CH;18;0;0
411;8;17;Steven Zuber;CH;12;2;0
412;8;30;Philipp Ochs;D;11;0;1
413;8;11;Jiloan Hamad;SWE;7;1;0
414;8;14;Tarik Elyounoussi;NOR;5;0;1
415;8;0;Russell Canouse;USA;1;0;0
416;8;9;Kai Herdling;D;0;0;0
417;8;0;Filip Malbasic;SER;0;0;0
418;8;0;Júnior Ponce;PER;0;0;0
419;8;31;Kevin Volland;D;31;8;9
420;8;19;Mark Uth;D;23;7;1
421;8;40;Andrej Kramaric;CRO;13;5;4
422;8;22;Kevin Kuranyi;D;12;0;0
423;8;28;Adam Szalai;HUN;4;0;0
424;8;40;Joelinton;BRA;1;0;0
425;8;29;Joshua Mees;D;0;0;0
426;18;31;Christian Mathenia;D;32;0;0
427;18;1;Patrick Platins;D;0;0;0
428;18;40;Lukasz Za?uska;PL;0;0;0
429;18;33;Luca Caldirola;I;32;0;0
430;18;4;Aytac Sulu;TUR;31;7;0
431;18;13;György Garics;A;19;0;0
432;18;23;Florian Jungwirth;D;19;0;1
433;18;32;Fabian Holland;D;16;0;0
434;18;35;Slobodan Rajkovic;SER;15;1;1
435;18;15;Junior Diaz;COS;12;0;0
436;18;21;Sandro Sirigu;I;6;0;2
437;18;5;Benjamin Gorka;D;3;0;0
438;18;3;Michael Stegmayer;D;0;0;0
439;18;39;Noel Wembacher;D;0;0;0
440;18;8;Jerome Gondorf;D;31;2;3
441;18;20;Marcel Heller;D;31;6;4
442;18;11;Tobias Kempe;D;29;0;4
443;18;18;Peter Niemeyer;D;29;2;0
444;18;34;Konstantin Rausch;D;29;2;5
445;18;10;Jan Rosenthal;D;23;0;3
446;18;6;Mario Vrancic;BOS;20;2;1
447;18;25;Yannick Stark;D;0;0;0
448;18;27;Milan Ivana;SVK;0;0;0
449;18;36;Jan Finger;D;0;0;0
450;18;37;Ali Kazimi;D;0;0;0
451;18;38;Nick Volk;D;0;0;0
452;18;14;Sandro Wagner;D;31;13;3
453;18;9;Dominik Stroh-Engel;D;15;0;1
454;18;7;Marco Sailer;D;13;1;0
455;18;19;Felix Platte;D;9;0;0
456;10;42;Felix Wiedwald;D;32;0;0
457;10;1;Raphael Wolf;D;0;0;0
458;10;18;Gerhard Tremmel;D;0;0;0
459;10;30;Michael Zetterer;D;0;0;0
460;10;40;Raif Husic;D;0;0;0
461;10;43;Eric Oelschlägel;D;0;0;0
462;10;7;Jannik Vestergaard;DEN;31;2;0
463;10;23;Theodor Gebre Selassie;CZE;31;1;2
464;10;2;Santiago Garcia;ARG;27;0;5
465;10;4;Alejandro Galvez;E;20;1;0
466;10;3;Papy Mison Djilobodji;SEN;12;1;1
467;10;5;Assani Lukimya-Mulongoti;CGO;12;0;0
468;10;20;Ulisses Garcia;CH;11;0;1
469;10;37;Janek Sternberg;D;8;0;1
470;10;13;Milos Veljkovic;CH;3;0;0
471;10;19;Luca-Milan Zander;D;2;0;0
472;10;25;Oliver Hüsing;D;1;0;0
473;10;0;Leon Guwara;D;1;0;0
474;10;15;Mateo Pavlovi?;CRO;0;0;0
475;10;38;Marnon Busch;D;0;0;0
476;10;22;Fin Bartels;D;29;8;1
477;10;16;Zlatko Junuzovic;A;28;4;9
478;10;8;Clemens Fritz;D;27;1;4
479;10;11;Levin Öztunali;D;23;1;3
480;10;27;Florian Grillitsch;A;23;1;3
481;10;44;Philipp Bargfrede;D;14;0;1
482;10;5;Sambou Yatabaré;MLI;8;1;2
483;10;18;Felix Kroos;D;8;0;0
484;10;39;Lukas Fröde;D;8;0;0
485;10;6;Lazlo Kleinheisler;HUN;6;0;0
486;10;35;Maximilian Eggestein;D;5;0;0
487;10;0;Marcel Hilßner;D;1;0;0
488;10;6;Cedrick Makiadi;D/COD;0;0;0
489;10;10;Levent Aycicek;D;0;0;0
490;10;14;Izet Hajrovic;CH;0;0;0
491;10;17;Özkan Yildirim;D;0;0;0
492;10;26;Julian von Haacke;D;0;0;0
493;10;0;Ludovic Obraniak;PL/F;0;0;0
494;10;0;Giorgi Papunashvili;GEO;0;0;0
495;10;21;Anthony Ujah;NGA;30;11;1
496;10;14;Claudio Pizarro;PER;26;14;3
497;10;28;Melvyn Lorenzen;D;9;0;0
498;10;9;Aron Johannsson;USA;6;2;0
499;9;1;Lucas Hradecky;FIN;32;0;0
500;9;13;Heinz Lindner;A;0;0;0
501;9;29;Emil Balayev;AZE;0;0;0
502;9;33;Yannick Zummack;D;0;0;0
503;9;19;David Abraham;ARG;29;0;0
504;9;6;Bastian Oczipka;D;28;0;0
505;9;5;Carlos Zambrano;PER;23;0;0
506;9;27;Aleksandar Ignjovski;SER;17;0;2
507;9;15;Constant Djakpa;CIV;10;0;0
508;9;22;Timothy Chandler;D;10;0;0
509;9;2;Yanni Regäsel;D;8;0;0
510;9;3;Kaan Ayhan;D;2;0;0
511;9;31;David Kinsombi;D;2;0;0
512;9;23;Anderson;BRA;0;0;0
513;9;20;Makoto Hasebe;JAP;30;1;1
514;9;16;Stefan Aigner;D;29;2;6
515;9;4;Marco Russ;D;26;3;2
516;9;21;Marc Stendera;D;25;2;1
517;9;7;Stefan Reinartz;D;15;1;1
518;9;8;Szabolcs Huszti;HUN;14;1;2
519;9;25;Slobodan Medojevic;SER;14;1;0
520;9;10;Marco Fabian;MEX;11;0;2
521;9;28;Sonny Kittel;D;8;0;0
522;9;11;Mijat Gacinovic;SER;7;0;0
523;9;32;Änis Ben-Hatira;D;7;1;2
524;9;18;Johannes Flum;D;5;0;1
525;9;32;Joel Gerezgiher;D;3;0;0
526;9;8;Takashi Inui;JAP;1;0;0
527;9;0;Nico Rinderknecht;D;1;0;0
528;9;9;Haris Seferovic;CH;28;3;6
529;9;14;Alexander Meier;D;19;12;1
530;9;30;Luc Castaignos;NL;17;4;1
531;9;24;Luca Waldschmidt;D;11;0;1
532;9;10;Vaclav Kadlec;CZE;5;0;0
533;9;38;Enis Bunjaki;D;0;0;0
534;14;22;Przemyslaw Tyton;PL;30;0;0
535;14;17;Odisseas Vlachodimos;D;3;0;0
536;14;1;Mitchell Langerak;AUS;0;0;0
537;14;0;Benjamin Uphoff;D;0;0;0
538;14;2;Emiliano Insua;ARG;32;0;2
539;14;3;Daniel Schwaab;D;27;0;1
540;14;16;Florian Klein;A;22;0;2
541;14;4;Toni Sunjic;BOS;18;1;0
542;14;6;Georg Niedermeier;D;18;3;1
543;14;32;Timo Baumgartl;D;17;0;0
544;14;15;Kevin Großkreutz;D;9;0;0
545;14;21;Adam Hlousek;CZE;7;0;0
546;14;14;Philipp Heise;D;4;0;0
547;14;24;Federico Barba;I;2;1;0
548;14;24;Antonio Rüdiger;D;0;0;0
549;14;10;Daniel Didavi;D;29;12;4
550;14;18;Filip Kostic;SER;28;5;5
551;14;8;Lukas Rupp;D;27;5;6
552;14;20;Christian Gentner;D;27;4;4
553;14;26;Geoffroy Serey Die;CIV;23;1;1
554;14;44;Alexandru Maxim;ROM;23;1;6
555;14;27;Mart Ristl;D;3;0;0
556;14;31;Arianit Ferati;D;3;0;1
557;14;0;Robbie Kruse;AUS;3;0;0
558;14;11;Carlos Gruezo;ECU;2;0;0
559;14;28;Marvin Wanitzek;D;1;0;0
560;14;0;Matthias Zimmermann;D;1;0;0
561;14;23;Kevin Stöger;A;0;0;0
562;14;19;Timo Werner;D;31;6;4
563;14;7;Martin Harnik;A/D;18;2;0
564;14;23;Artem Kravets;UKR;14;1;1
565;14;39;Jan Kliment;CZE;8;1;0
566;14;33;Daniel Ginczek;D;7;3;2
567;14;34;Borys Tashchy;RUS;7;0;1
568;14;9;Vedad Ibisevic;BOS;0;0;0
569;14;42;Jerome Kiesewetter;D;0;0;0
570;13;1;Ron-Robert Zieler;D;32;0;0
571;13;13;Philipp Tschauner;D;0;0;0
572;13;30;Samuel Radlinger;A;0;0;0
573;13;40;Timo Königsmann;D;0;0;0
574;13;4;Hiroki Sakai;JAP;26;1;0
575;13;19;Christian Schulz;D;24;2;1
576;13;3;Miko Albornoz;SWE;20;0;2
577;13;29;Oliver Sorg;D;20;0;0
578;13;25;Marcelo;BRA;19;1;0
579;13;24;Alexander Milosevic;SWE;10;0;0
580;13;15;Andre Hoffmann;D;8;0;0
581;13;20;Felipe;BRA;8;0;0
582;13;31;Waldemar Anton;D;7;1;0
583;13;27;Vladimir Rankovic;D;0;0;0
584;13;33;Yannik Schulze;D;0;0;0
585;13;37;Niklas Teichgräber;D;0;0;0
586;13;5;Salif Sané;F/SEN;29;2;0
587;13;26;Kenan Karaman;D/TUR;23;3;3
588;13;8;Manuel Schmiedebach;D;20;1;1
589;13;28;Hiroshi Kiyotake;JAP;20;4;7
590;13;7;Edgar Prib;D;18;0;3
591;13;11;Felix Klaus;D;16;1;0
592;13;2;Leon Andreasen;DEN;15;2;1
593;13;6;Ceyhun Gülselam;TUR/D;12;0;0
594;13;17;Uffe Bech;DEN;11;1;1
595;13;18;Iver Fossum;NOR;7;0;0
596;13;16;Hotaru Yamaguchi;JAP;6;0;0
597;13;38;Valmir Sulejmani;D;3;0;0
598;13;33;Mike-Steven Bähre;D;1;0;0
599;13;23;Maurice Hirsch;D;0;0;0
600;13;34;Tim Dierßen;D;0;0;0
601;13;36;Sebastian Ernst;D;0;0;0
602;13;9;Artur Sobiech;PL;23;6;0
603;13;14;Allan Saint-Maximin;F;16;1;0
604;13;28;Adam Szalai;HUN;11;0;1
605;13;39;Mevlut Erdinc;TUR;11;0;1
606;13;35;Charlison Benschop;NL;9;1;0
607;13;22;Hugo Almeida;POR;7;1;0
608;13;0;Noah-Joel Sarenren-Bazee;D;4;0;2
609;13;21;Marius Wolf;D;2;0;0
610;19;1;Alexander Schwolow;D;32;0;0
611;19;21;Patric Klandt;D;0;0;0
612;19;29;Konstantin Fuhry;D;0;0;0
613;19;30;Christian Günter;D;29;0;1
614;19;20;Marc-Oliver Kempf;D;28;4;2
615;19;4;Immanuel Höhn;D;26;3;1
616;19;3;Marc Torrejón;E;18;1;3
617;19;24;Mensur Mujdza;BOS;16;0;2
618;19;0;Pascal Stenzel;D;11;0;2
619;19;25;Jonas Föhrenbach;D;8;1;0
620;19;2;Vegar Eggen Hedenstad;NOR;6;0;0
621;19;17;Lukas Kübler;D;0;0;0
622;19;6;Amir Abrashi;CH;31;3;1
623;19;27;Nicolas Höfler;D;31;2;1
624;19;8;Mike Frantz;D;29;6;7
625;19;32;Vincenzo Grifo;D/I;29;14;10
626;19;35;Lucas Hufnagel;D;17;1;1
627;19;23;Julian Schuster;D;8;1;0
628;19;33;Caleb Stanko;USA;5;0;0
629;19;19;Florian Kath;D;4;0;0
630;19;16;Mats Möller Daehli;NOR;2;0;0
631;19;28;Marco Hingerl;D;0;0;0
632;19;18;Nils Petersen;D;30;21;6
633;19;26;Maximilian Philipp;D;29;8;11
634;19;31;Karim Guedé;SVK;25;1;3
635;19;0;Florian Niederlechner;D;12;6;1
636;19;9;Tim Kleindienst;D;7;0;0
637;19;0;Havard Nielsen;NOR;7;0;0
638;19;34;Amir Falahen;D;3;0;0
639;19;0;Fabian Schleusener;D;1;0;0
640;19;0;Joshua Mees;D;0;0;0
641;19;0;Philipp Zulechner;A;0;0;0
642;23;1;Fabio Coltorti;CH;20;0;0
643;23;32;Peter Gulacsi;HUN;13;0;0
644;23;22;Benjamin Bellot;D;0;0;0
645;23;4;Willi Orban;D;30;1;1
646;23;16;Lukas Klostermann;D;28;1;4
647;23;0;Marcel Halstenberg;D;23;2;2
648;23;3;Anthony Jung;D;21;0;0
649;23;33;Marvin Compper;D;21;3;2
650;23;5;Atinc Nukan;TUR;11;1;0
651;23;39;Georg Teigl;A;10;0;0
652;23;8;Tim Sebastian;D;6;0;0
653;23;20;Ken Gipson;D;2;0;0
654;23;21;Dimitri Skopintcev;RUS;0;0;0
655;23;0;Mikko Sumusalo;FIN;0;0;0
656;23;7;Marcel Sabitzer;A;31;8;4
657;23;24;Dominik Kaiser;D;28;7;6
658;23;31;Diego Demme;D/I;26;0;3
659;23;13;Stefan Ilsanker;A;25;1;0
660;23;14;Massimo Bruno;B;22;2;2
661;23;6;Rani Khedira;D;17;0;0
662;23;19;Zsolt Kalmar;HUN;4;0;1
663;23;25;Stefan Hierländer;A;1;0;0
664;23;2;John-Patrick Strauß;D;0;0;0
665;23;9;Yussuf Poulsen;DEN;30;7;5
666;23;10;Emil Forsberg;SWE;30;7;8
667;23;27;Davie Selke;D;28;10;2
668;23;17;Nils Quaschner;D;19;1;1
669;23;0;Idrissa Touré;D;1;0;0
670;23;18;Terrence Boyd;D/USA;0;0;0
671;28;1;Raphael Schäfer;D;13;0;0
672;28;26;Thorsten Kirschbaum;D;12;0;0
673;28;22;Patrick Rakovsky;D;9;0;0
674;28;0;Benjamin Uphoff;D;0;0;0
675;28;2;Miso Brecko;SLO;30;0;3
676;28;4;Dave Bulthuis;NL;26;1;0
677;28;23;Tim Leibold;D;26;4;3
678;28;3;Evan Hovland;NOR;25;2;0
679;28;6;Laszlo Sepsi;ROM;25;0;1
680;28;0;Georg Margreitter;A;24;0;1
681;28;5;Jürgen Mössmer;BRA/D;1;0;0
682;28;18;Hanno Behrens;D;32;6;2
683;28;9;Guido Burgstaller;A;31;13;8
684;28;24;Niclas Füllkrug;D;28;13;4
685;28;7;Danny Blum;D;27;4;8
686;28;14;Kevin Möhwald;D;25;1;10
687;28;28;Allesandro Schöpf;A;19;6;3
688;28;17;Sebastian Kerk;D;16;4;4
689;28;0;Patrick Erras;D;16;5;0
690;28;8;Jan Polak;CZE;15;2;0
691;28;31;Ondrej Petrak;CZE;13;1;0
692;28;19;Rurik Gislason;ISL;9;0;0
693;28;0;Zoltán Stieber;HUN;5;1;0
694;28;16;Niklas Stark;D;4;1;1
695;28;15;Robert Koch;D;1;0;0
696;28;10;Timo Gebhart;D;0;0;0
697;28;21;Willi Evseev;D;0;0;0
698;28;20;Stefan Kutschke;D;5;0;0
699;28;11;Jakub Sylvestr;SVK;3;0;0
700;28;27;Philipp Hercher;D;2;0;0
701;28;36;Cedric Teuchert;D;2;0;1
702;28;0;Mariusz Stepinski;PL;0;0;0
703;24;30;Robin Himmelmann;D;32;0;0
704;24;1;Philipp Heerwagen;D;0;0;0
705;24;33;Svend Brodersen;D;0;0;0
706;24;15;Daniel Buballa;D;32;0;6
707;24;3;Lasse Sobiech;D;30;4;2
708;24;4;Philipp Ziereis;D;28;0;1
709;24;0;Marc Hornschuh;D;25;2;1
710;24;0;Jeremy Dudziak;D;21;1;1
711;24;27;Jan Philipp Kalla;D;14;1;0
712;24;26;Sören Gonther;D;11;0;0
713;24;0;Yannick Deichmann;D;4;0;0
714;24;0;Joel Keller;CH;4;0;0
715;24;23;Marcel Halstenberg;D;3;2;0
716;24;0;Davidson Eden;GHA;2;0;0
717;24;34;Andrej Startsev;D;0;0;0
718;24;0;Davidson Drobo-Ampem;D;0;0;0
719;24;28;Waldemar Sobota;PL;29;3;2
720;24;10;Christopher Buchtmann;D;28;0;3
721;24;11;Marc Rzatkowski;D;28;7;6
722;24;19;Enis Alushi;D;26;1;3
723;24;29;Sebastian Maier;D;25;2;1
724;24;8;Bernd Nehrig;D;20;1;2
725;24;37;Kyoung-Rok Choi;KOR;20;1;0
726;24;13;Ryo Miyaichi;JAP;3;0;0
727;24;25;Dennis Rosin;D;0;0;0
728;24;31;Maurice Litka;D;0;0;0
729;24;36;Okan Kurt;D;0;0;0
730;24;40;Armando Cooper;PAN;0;0;0
731;24;0;Leroy Mickels;D;0;0;0
732;24;18;Lennart Thy;D;28;7;3
733;24;12;John Verhoek;NL;15;2;0
734;24;0;Fabrice-Jean Picault;USA;14;4;2
735;24;14;Ante Budimir;CRO;0;0;0
736;24;24;Nico Empen;D;0;0;0
737;20;1;Andreas Luthe;D;16;0;0
738;20;33;Manuel Riemann;D;16;0;0
739;20;32;Felix Dornebusch;D;0;0;0
740;20;21;Stefano Celozzi;D;32;0;3
741;20;5;Felix Bastians;D;29;1;0
742;20;19;Patrick Fabian;D;29;1;1
743;20;24;Timo Perthel;D;23;1;3
744;20;4;Malcolm Cacutalua;D;9;0;0
745;20;3;Giliano Wijnaldum;NL;7;0;0
746;20;6;Jan Simunek;CZE;6;0;0
747;20;18;Jan Gyamerah;D;0;0;0
748;20;30;David Niepsuj;D;0;0;0
749;20;0;Robin Fechner;D;0;0;0
750;20;2;Tim Hoogland;D;31;4;4
751;20;8;Anthony Losilla;F;31;1;1
752;20;25;Onur Bulut;D/TUR;30;4;5
753;20;0;Thomas Eisfeld;D;23;3;2
754;20;0;Arvydas Novikovas;LIT;15;0;0
755;20;27;Michael Maria;NL;7;0;1
756;20;17;Tobias Weis;D;3;0;0
757;20;20;Piotr Cwielong;PL;3;0;0
758;20;16;Gökhan Gül;D;0;0;0
759;20;29;Julian Stock;D;0;0;0
760;20;39;Henrik Gulden;D;0;0;0
761;20;0;Savino Marotta;I;0;0;0
762;20;22;Simon Terodde;D;31;20;4
763;20;23;Janik Haberer;D;31;3;5
764;20;10;Marco Terrazzino;D;29;4;10
765;20;0;Peniel Mlapa;D;26;5;0
766;20;9;Nando Rafael;ANG/D;8;1;0
767;20;7;Selim Gündüz;D;0;0;0
768;30;1;Daniel Haas;D;19;0;0
769;30;0;Jakob Busk;DEN;13;0;0
770;30;20;Steve Kroll;D;0;0;0
771;30;30;Mohamed Amsif;MAR/D;0;0;0
772;30;5;Benjamin Kessel;D;27;6;2
773;30;29;Michael Parensen;D;27;0;5
774;30;28;Christopher Trimmel;A;26;1;4
775;30;37;Toni Leistner;D;24;1;0
776;30;4;Roberto Puncec;CRO;22;1;0
777;30;0;Emanuel Pogatetz;A;10;0;0
778;30;34;Fabian Schönheim;D;8;1;1
779;30;6;Denis Prychynenko;D;0;0;0
780;30;19;Damir Kreilach;CRO;30;12;4
781;30;27;Eroll Zejnullahu;D;24;1;3
782;30;10;Dennis Daube;D;22;1;5
783;30;8;Stephan Fürstner;D;20;0;0
784;30;18;Kenny Prince Redondo;D;19;0;1
785;30;2;Christopher Quiring;D;15;0;1
786;30;11;Maximilian Thiel;D;15;2;3
787;30;0;Felix Kroos;D;10;2;4
788;30;13;Raffael Korte;D;8;0;0
789;30;14;Adrian Nikci;CH;7;1;0
790;30;7;Benjamin Köhler;D;2;0;0
791;30;31;Leonard Koch;D;0;0;0
792;30;15;Bobby Wood;USA;29;17;3
793;30;9;Sören Brandy;D;28;3;5
794;30;24;Steven Skrzybski;D;20;3;2
795;30;21;Collin Quaner;D;15;1;0
796;30;33;Bajram Nebihi;D;0;0;0
797;34;1;Dirk Orlishausen;D;16;0;0
798;34;24;René Vollath;D;16;0;0
799;34;25;Florian Stritzel;D;0;0;0
800;34;14;Manuel Gulde;D;26;2;0
801;34;5;Dennis Kempe;D;16;0;0
802;34;4;Martin Stoll;D;13;0;0
803;34;6;Jan Mauersberger;D;12;0;0
804;34;7;Sascha Traut;D;10;0;1
805;34;26;Bjarne Thoelke;D;10;0;1
806;34;3;Daniel Gordon;D;7;1;0
807;34;31;Philipp Max;D;1;0;0
808;34;0;Jannik Dehm;D;1;0;0
809;34;35;Matthias Bader;D;0;0;0
810;34;0;David Kinsombi;D;0;0;0
811;34;10;Hiroki Yamada;JAP;29;3;4
812;34;18;Manuel Torres;E;28;5;6
813;34;21;Gaetan Krebs;F;24;0;0
814;34;22;Enrico Valentini;I/D;24;2;4
815;34;15;Boubacar Barry;GUI/D;23;1;1
816;34;23;Jonas Meffert;D;23;1;2
817;34;13;Dominic Peitz;D;21;0;0
818;34;0;Grischa Prömel;D;20;2;1
819;34;20;Ylli Sallahi;A;18;1;0
820;34;16;Marvin Mehlem;D;2;0;0
821;34;0;Tim Fahrenholz;D;2;0;0
822;34;33;Jung-Bin Park;KOR;0;0;0
823;34;34;Tim Grupp;D;0;0;0
824;34;8;Erwin Hoffer;A;26;4;1
825;34;11;Dimitrij Nazarov;D;25;2;1
826;34;0;Dimitrios Diamantakos;GR;22;8;3
827;34;0;Mohamed Gouaida;F;16;0;1
828;34;29;Vadim Manzon;RUS;10;1;0
829;34;27;Pascal Köpke;D;4;0;0
830;34;0;Rouwen Hennings;D;2;0;0
831;26;1;Jan Zimmermann;D;30;0;1
832;26;22;Kevin Müller;D;2;0;0
833;26;19;Sven Ullrich;D;0;0;0
834;26;28;Arne Feick;D;31;3;4
835;26;23;Kevin Kraus;D;30;1;0
836;26;29;Robert Strauß;D;19;0;2
837;26;5;Mathias Wittek;D;16;1;1
838;26;0;Ronny Philp;D;15;0;0
839;26;16;Tim Göhlert;D;11;0;0
840;26;2;Sebastian Heidinger;D;4;0;1
841;26;14;Maurizio Scioscia;I;0;0;0
842;26;33;Timo Beermann;D;0;0;0
843;26;37;Kevin Njie;D;0;0;0
844;26;7;Marc Schnatterer;D;32;6;7
845;26;13;Robert Leipertz;D;32;10;7
846;26;18;Sebastian Griesbeck;D;29;2;1
847;26;30;Norman Theuerkauf;D;27;1;0
848;26;21;Ben Halloran;AUS;22;2;1
849;26;26;Marcel Titsch-Rivero;D;22;0;0
850;26;38;Tim Skarke;D;10;1;1
851;26;31;Dominik Widemann;D;5;0;0
852;26;6;Julius Reinhardt;D;0;0;0
853;26;36;Dave Gnaase;D;0;0;0
854;26;9;Smail Morabit;F;25;4;1
855;26;17;Andreas Voglsammer;D;13;0;2
856;26;0;Bard Finne;NOR;12;2;0
857;26;0;Denis Thomalla;D;11;4;2
858;26;11;Daniel Frahn;D;10;1;0
859;26;39;Adriano Grimaldi;I;10;1;1
860;26;0;Felix Schröter;D;3;0;0
861;33;33;Rafal Gikiewicz;PL;32;0;0
862;33;1;Marcel Engelhardt;D;0;0;0
863;33;16;Jasmin Fejzic;CRO;0;0;0
864;33;19;Ken Reichel;D;29;7;2
865;33;3;Saulo Decarli;CH;28;1;1
866;33;4;Joseph Baffo;SWE;27;0;0
867;33;17;Phil Ofosu-Ayeh;D;20;0;1
868;33;24;Maximilian Sauer;D;15;1;3
869;33;25;Marcel Correia;POR;14;0;0
870;33;0;Deniz Dogan;TUR;1;0;0
871;33;28;Dennis Slamar;D;0;0;0
872;33;36;Mohammed Baghdadi;D;0;0;0
873;33;22;Salim Khelifi;CH;30;8;2
874;33;38;Gerrit Holtmann;D;28;3;3
875;33;8;Adam Matuschyk;PL/D;27;1;3
876;33;10;Mirko Boland;D;27;5;3
877;33;11;Jan Hochscheidt;D;27;3;0
878;33;12;Nik Omladic;SLO;23;1;2
879;33;30;Hendrick Zuck;D;21;0;3
880;33;21;Patrick Schönfeld;D;16;0;2
881;33;31;Marc Pfitzner;D;11;1;0
882;33;27;Niko Kijewski;D;5;0;0
883;33;6;Damir Vrancic;CRO;2;0;0
884;33;18;Orhan Ademi;CH;16;0;2
885;33;9;Emil Berggreen;DEN;13;5;4
886;33;0;Domi Kumbela;COD;11;1;1
887;33;26;Julius Düker;D;8;0;0
888;33;0;Phillip Tietz;D;6;1;0
889;33;23;Mads Hvilsom;DEN;5;0;1
890;33;20;Torsten Oehrl;D;1;0;0
891;22;1;Sebastian Mielitz;D;32;0;0
892;22;30;Mark Flekken;NL;0;0;0
893;22;40;Bastian Lerch;D;0;0;0
894;22;0;Leopold Zingerle;D;0;0;0
895;22;13;Marco Caligiuri;I;31;0;1
896;22;7;Niko Gießelmann;D;30;1;2
897;22;2;Benedikt Röcker;D;26;1;0
898;22;28;Marcel Franke;D;21;0;1
899;22;0;Sebastian Heidinger;D;13;0;2
900;22;10;Stephan Schröck;D;12;0;0
901;22;4;Stefan Thesker;D;9;0;1
902;22;0;Nicolai Rapp;D;5;0;0
903;22;0;Ronny Marcos;D;1;0;0
904;22;3;Zsolt Korcsmar;HUN;0;0;0
905;22;23;Marco Stiepermann;D;29;5;2
906;22;8;Jürgen Gjasula;D;27;5;8
907;22;6;Andreas Hofmann;D;20;0;0
908;22;14;Tom Weilandt;D;17;2;0
909;22;16;Goran Sukalo;SLO;11;3;2
910;22;0;Maurice Hirsch;D;6;0;0
911;22;0;Roberto Rodriguez;CH;4;0;0
912;22;11;Florian Trinks;D;2;0;0
913;22;26;Andreas Lam;D/CHN;1;0;0
914;22;38;Tim Bodenröder;D;0;0;0
915;22;39;Tom Trybull;D;0;0;0
916;22;19;Veton Berisha;NOR;31;6;4
917;22;20;Robert Zulj;A/CRO;30;8;6
918;22;9;Sebastian Freis;D;29;11;1
919;22;22;Johannes Wurtz;D;18;1;1
920;22;17;Zlatko Tripic;NOR;14;0;0
921;22;0;Ante Vukusic;CRO;12;1;2
922;22;18;Domi Kumbela;COD;6;0;2
923;22;25;George Davies;SLE;4;0;0
924;22;37;Stefan Maderer;D;2;0;0
925;21;32;Marius Müller;D;31;0;0
926;21;33;Zlatan Alomerovic;D;1;0;0
927;21;22;Julian Pollersbeck;D;0;0;0
928;21;29;Stipe Vucur;A;28;4;1
929;21;39;Jean Zimmer;D;25;1;6
930;21;31;Chris Löwe;D;23;1;6
931;21;3;Tim Heubach;D;20;1;1
932;21;5;Sascha Mockenhaupt;D;16;1;0
933;21;17;André Fomitschow;D;11;0;0
934;21;7;Michael Schulze;D;10;0;1
935;21;0;Michael Schultz;D;1;0;0
936;21;38;Michael Schindele;D;0;0;0
937;21;11;Ruben Yttergard Jenssen;NOR;29;5;4
938;21;28;Daniel Halfar;D;29;1;5
939;21;37;Markus Karl;D;27;1;2
940;21;4;Patrick Ziegler;D;21;0;0
941;21;19;Marcel Gaus;D;20;2;1
942;21;6;Alexander Ring;FIN;19;1;2
943;21;23;Mateusz Klich;PL;16;3;1
944;21;0;Marcus Piossek;D;9;2;0
945;21;36;Manfred Osei Kwadwo;GHA;5;0;2
946;21;18;Erik Thommy;D;2;0;0
947;21;0;Mario Pokar;D;1;0;0
948;21;0;Tino Schmidt;D;1;0;0
949;21;20;Kacper Przybylko;PL;30;7;1
950;21;0;Antonio-Mirko Colak;D;20;5;2
951;21;0;Maurice Deville;LUX;17;4;1
952;21;9;Lukas Görtler;D;16;0;2
953;21;0;Jón Dadi Bödvarsson;ISL;13;2;1
954;21;0;Robert Pich;SVK;4;0;0
955;21;8;Stefan Mugosa;MON;1;0;0
956;21;14;Sebastian Jacob;D;0;0;0
957;21;16;Erik Wekesser;D;0;0;0
958;25;1;Marco Knaller;A;31;0;0
959;25;28;Phillipp Kühn;D;10;0;1
960;25;33;Rick Wulle;D;1;0;0
961;25;14;Tim Kister;D;30;1;0
962;25;19;Leart Paqarada;D;27;0;4
963;25;24;Philipp Klingmann;D;25;0;0
964;25;17;Florian Hübner;D;24;3;0
965;25;4;Damian Roßbach;D;19;0;0
966;25;5;Daniel Schulz;D;15;0;0
967;25;27;Seyi Olajengbesi;NGA;6;0;0
968;25;2;Nico Hammann;D;3;0;0
969;25;6;Denis Linsmayer;D;31;4;2
970;25;31;Stefan Kulovits;A;30;0;0
971;25;7;Marco Thiede;D;22;0;0
972;25;10;Robert Zillner;D;21;1;4
973;25;13;Jakub Kosecki;PL;17;2;0
974;25;15;Alexander Bieler;D;12;1;0
975;25;0;Thomas Pledl;D;10;0;0
976;25;0;Korbinian Vollmann;D;9;2;1
977;25;23;Kevin Kratz;D;7;0;2
978;25;25;Dominik Stolz;D;7;1;0
979;25;29;Eric Schaaf;D;4;0;1
980;25;11;Moritz Kuhn;D;0;0;0
981;25;16;Erik Zenga;D;0;0;0
982;25;18;Steven Zellner;D;0;0;0
983;25;21;Manuel Stiefler;D;0;0;0
984;25;8;Andrew Wooten;USA/D;30;6;2
985;25;9;Aziz Bouhaddouz;D;26;9;7
986;25;26;Ranisav Jovanovic;SER;22;6;2
987;25;20;José Pierre Vunguidica;ANG;2;0;0
988;29;1;Wolfgang Hesl;D;32;0;0
989;29;33;Nikolai Rehnen;D;0;0;0
990;29;34;Daniel Davari;D;0;0;0
991;29;23;Florian Dick;D;31;2;3
992;29;27;Sebastian Schuppan;D;30;0;0
993;29;13;Julian Börner;D;29;2;0
994;29;11;Stephan Salger;D;24;1;0
995;29;19;Felix Burmeister;D;12;1;0
996;29;14;Manuel Hornig;D;10;0;1
997;29;2;Steffen Lang;D;0;0;0
998;29;29;Samir Benamar;D;0;0;0
999;29;38;Jonas Strifler;D;0;0;0
1000;29;3;Brian Behrendt;D;26;2;1
1001;29;5;David Ulm;F;25;4;1
1002;29;20;Manuel Junglas;D;25;0;1
1003;29;6;Tom Schütz;D;23;1;0
1004;29;7;Michael Görlitz;D;22;3;0
1005;29;16;Dennis Mast;D;9;0;0
1006;29;0;Francisco Rodriguez;CH;9;0;1
1007;29;0;Seung-Woo Ryu;KOR;9;0;1
1008;29;37;Christian Müller;D;8;0;1
1009;29;0;Amin Affane;SWE;8;0;0
1010;29;25;Björn Jopek;D;4;0;0
1011;29;8;Daniel Brinkmann;D;0;0;0
1012;29;24;Peer Kluge;D;0;0;0
1013;29;36;Marco Hober;D;0;0;0
1014;29;9;Fabian Klos;D;30;11;6
1015;29;17;Christoph Hemlein;D;28;1;2
1016;29;18;Christopher Nöthe;D;28;6;5
1017;29;0;Andreas Voglsammer;D;8;0;0
1018;29;28;Koen van der Biezen;NL;7;0;0
1019;35;1;Vitus Eicher;D;18;0;0
1020;35;24;Stefan Ortega;D;14;0;0
1021;35;22;Michael Netolitzky;D;0;0;0
1022;35;26;Christopher Schindler;D;31;1;0
1023;35;25;Gary Kagelmacher;URU/D;30;1;0
1024;35;3;Maximilian Wittek;D;25;0;1
1025;35;30;Milos Degenek;AUS;23;1;1
1026;35;4;Kai Bülow;D;20;3;0
1027;35;0;Jan Mauersberger;D;13;1;0
1028;35;8;Rodnei;BRA;4;0;0
1029;35;17;Jannik Bandowski;D;1;0;0
1030;35;39;Vladimir Kovac;SVK;1;0;0
1031;35;5;Guillermo Vallori;E;0;0;0
1032;35;0;Ohis Felix Uduokhai;D;0;0;0
1033;35;0;Michael Liendl;A;27;4;6
1034;35;11;Daniel Adlung;D;26;1;2
1035;35;7;Daylon Claasen;RSA;21;1;1
1036;35;33;Korbinian Vollmann;D;15;1;2
1037;35;20;Valdet Rama;D;14;0;0
1038;35;0;Sertan Yegenoglu;D;12;0;0
1039;35;0;Levent Aycicek;D;12;1;1
1040;35;0;Romuald Lacazette;F;9;0;0
1041;35;0;Maximilian Beister;D;8;0;0
1042;35;31;Richard Neudecker;D;6;0;0
1043;35;6;Dominik Stahl;D;4;0;0
1044;35;35;Emanuel Taffertshofer;D;2;0;0
1045;35;13;Ilie Sanchez;E;0;0;0
1046;35;0;Goran Sukalo;SLO;0;0;0
1047;35;14;Rubin Okotie;A;30;8;5
1048;35;0;Stefan Mugosa;MON;19;0;0
1049;35;27;Marius Wolf;D;16;3;2
1050;35;0;Sascha Mölders;D;13;4;1
1051;35;0;Stephane Mvibudulu;D;9;0;0
1052;35;34;Fejsal Mulic;SER;7;0;1
1053;35;0;Nico Karger;D;6;0;0
1054;35;16;Stephan Hain;D;5;0;0
1055;35;14;Krisztián Simon;NL;3;0;0
1056;31;1;Michael Rensing;D;32;0;0
1057;31;19;Lars Unnerstall;D;0;0;0
1058;31;38;Tim Wiesner;D;0;0;0
1059;31;4;Julian Schauerte;D;30;0;1
1060;31;3;Karim Haggui;TUN;29;1;0
1061;31;15;Lukas Schmitz;D;25;1;3
1062;31;0;Alexander Madlung;D;17;0;1
1063;31;6;Kevin Akpoguma;D;15;0;0
1064;31;34;Christian Strohdiek;D;15;0;1
1065;31;5;Christopher Avevor;D;7;0;0
1066;31;35;Fabian Holthaus;D;2;0;0
1067;31;11;Axel Bellinghausen;D;26;0;2
1068;31;22;Sercan Sararer;E;24;3;5
1069;31;2;Julian Koch;D;23;0;0
1070;31;0;Kerem Demirbay;TUR;23;7;4
1071;31;7;Oliver Fink;D;18;2;1
1072;31;13;Adam Bodzek;D;14;0;2
1073;31;31;Marcel Sobottka;D;13;0;0
1074;31;10;Michael Liendl;A;3;0;0
1075;31;21;Christian Gartner;A;1;0;0
1076;31;8;Sergio da Silva Pinto;D;0;0;0
1077;31;14;Kaan Akca;D;0;0;0
1078;31;25;Tugrul Erat;TUR;0;0;0
1079;31;0;Justin Kinjo;JAP;0;0;0
1080;31;20;Joel Pohjanpalo;FIN;25;2;0
1081;31;37;Ihlas Bebou;D;23;2;4
1082;31;33;Didier Ya Konan;CIV;20;4;0
1083;31;18;Mathis Bolly;NOR;16;2;0
1084;31;0;Charalampos Mavrias;GR;13;1;1
1085;31;0;Nikola Djurdjic;SER;12;2;0
1086;31;9;Mike van Duinen;NL;11;0;0
1087;31;0;Emmanuel Iyoha;D;5;0;0
1088;31;0;Rüzgar Kemal;TUR;1;0;0
1089;32;1;André Weis;D;32;0;0
1090;32;21;Sören Pirson;D;0;0;0
1091;32;24;Jannis Pellowski;D;0;0;0
1092;32;15;Alexander Huber;D;29;0;0
1093;32;3;Ehsan Haji Safi;IRN;25;2;0
1094;32;24;Shawn Maurice Barry;USA;24;1;3
1095;32;25;Florian Ballas;D;24;1;1
1096;32;27;Lukas Gugganig;A;23;2;0
1097;32;17;Joan Oumari;D;12;0;0
1098;32;14;Alexander Bittroff;D;3;0;0
1099;32;4;Tom Beugelsdijk;NL;0;0;0
1100;32;4;Gabriel Silva;BRA;0;0;0
1101;32;16;Heinrich Schmidtgal;KAZ/D;0;0;0
1102;32;20;Markus Ballmert;D;0;0;0
1103;32;28;Florijon Belegu;ALB/D;0;0;0
1104;32;0;Marc Hornschuh;D;0;0;0
1105;32;6;Fanol Perdedaj;ALB;29;3;2
1106;32;5;Manuel Konrad;D;26;1;0
1107;32;10;Besar Halimi;D;25;4;0
1108;32;26;Denis Epstein;D;20;0;1
1109;32;7;Marc-André Kruska;D;17;0;2
1110;32;8;Mario Engels;D;16;0;0
1111;32;28;Yann;BRA;15;2;0
1112;32;13;Zsolt Kalmar;HUN;12;1;1
1113;32;22;Timm Golley;D;10;1;0
1114;32;11;In-Hyeok Park;KOR;5;0;0
1115;32;14;Niki Zimling;DEN;3;0;1
1116;32;17;Joel Gerezgiher;D;2;0;0
1117;32;30;Denis Mangafic;D;1;0;0
1118;32;23;Nahom Gebru;D;0;0;0
1119;32;31;Leon Hammel;D;0;0;0
1120;32;19;Dani Schahin;D;25;5;5
1121;32;29;Zlatko Dedic;SLO;24;4;1
1122;32;38;Felipe Pires;BRA;18;1;1
1123;32;9;Edmond Kapllani;ALB;17;1;0
1124;32;20;Taiwo Awoniyi;NGA;11;1;0
1125;32;13;Mohamed Amine Aoudia;ALG;0;0;0
1126;36;1;Michael Ratajczak;D;32;0;0
1127;36;22;Maurice Schumacher;D;0;0;0
1128;36;30;Marcel Lenz;D;0;0;0
1129;36;0;Timothy Dieng;CH;0;0;0
1130;36;5;Branimir Bajic;BOS;27;1;0
1131;36;21;Rolf Feltscher;VEN/CH;26;2;4
1132;36;25;Thomas Meißner;D;24;1;0
1133;36;4;Dustin Bomheuer;D;10;0;0
1134;36;27;Dan-Patrick Poggenberg;D;8;0;0
1135;36;0;Lasha Dvali;GEO;1;0;0
1136;36;0;Gianluca Hossmann;CH;1;0;0
1137;36;2;Matthias Kühne;D;0;0;0
1138;36;15;Erik Wille;D;0;0;0
1139;36;0;Nurettin Kayaoglu;TUR/D;0;0;0
1140;36;17;Kevin Wolze;D;31;3;2
1141;36;28;Steffen Bohl;D;28;3;1
1142;36;23;James Holland;AUS;26;0;2
1143;36;14;Tim Albutat;D;22;1;1
1144;36;20;Dennis Grote;D;20;0;0
1145;36;13;Zlatko Janjic;BOS;17;1;4
1146;36;19;Nico Klotz;D;15;1;0
1147;36;6;Martin Dausch;D;12;0;0
1148;36;0;Baris Özbek;D;9;0;1
1149;36;3;Enis Hajri;TUN;4;0;0
1150;36;9;Pierre de Wit;D;1;0;0
1151;36;16;Andreas Wiegel;D;1;0;0
1152;36;26;Ahmet Engin;D;1;0;0
1153;36;24;Dominik Behr;ENG;0;0;0
1154;36;10;Kingsley Onuegbu;NGA;28;4;1
1155;36;8;Thomas Bröker;D;20;3;0
1156;36;0;Giorgi Chanturia;GEO;20;2;1
1157;36;11;Stanislav Iljutcenko;D;19;3;0
1158;36;33;Kevin Scheidhauer;D;15;1;3
1159;36;0;Victor Obinna;NGA;14;3;2
1160;36;0;Tomané;POR;9;0;0
1161;36;18;Simon Brandstetter;D;5;0;0
1162;27;1;Lukas Kruse;D;21;0;0
1163;27;24;Daniel Heuer-Fernandes;D;11;0;0
1164;27;12;Alexander Nübel;D;0;0;0
1165;27;35;Jonas Brammen;D;0;0;0
1166;27;0;Hauke Wahl;D;27;2;0
1167;27;17;Niklas Hoheneder;A;23;1;1
1168;27;26;Florian Hartherz;D;23;1;1
1169;27;22;Michael Heinloth;D;18;0;1
1170;27;12;Daniel Brückner;D;12;0;0
1171;27;14;Thomas Bertels;D;11;1;1
1172;27;25;Khaled Narey;D;11;1;2
1173;27;0;Tim Sebastian;D;10;0;0
1174;27;2;Uwe Hünemeier;D;2;0;0
1175;27;15;Florian Ruck;D;2;0;0
1176;27;3;Rafa;E;1;0;0
1177;27;6;Marvin Bakalorz;D;29;1;1
1178;27;11;Moritz Stoppelkamp;D;27;6;2
1179;27;30;Süleyman Koc;TUR;27;2;7
1180;27;0;Kevin Stöger;A;24;1;3
1181;27;5;Dominik Wydra;A;22;0;1
1182;27;7;Marcel Ndjeng;D;19;1;1
1183;27;27;Idir Ouali;F;13;0;0
1184;27;0;Robin Krauße;D;9;0;0
1185;27;23;Mirnes Pepic;MON;8;0;0
1186;27;0;Christian Bickel;D;8;0;0
1187;27;13;Sebastian Schonlau;D;7;0;0
1188;27;0;Oliver Kirch;D;7;0;0
1189;27;20;Marc Vucinovic;D;6;0;0
1190;27;8;Nick Proschwitz;D;19;5;0
1191;27;10;Mahir Saglik;TUR;18;2;2
1192;27;0;Niclas Helenius;DEN;12;4;0
1193;27;19;Marc Brasnic;D;7;0;0
1194;27;9;Srdjan Lakic;CRO;6;0;2
1195;27;0;Jakub Sylvestr;SVK;4;0;0
1196;39;1;Janis Blaswich;D;30;0;0
1197;39;0;Patrick Wiegers;D;3;0;0
1198;39;33;Markus Schubert;D;1;0;0
1199;39;0;Jean-Francois Kornetzky;F;1;0;0
1200;39;39;Christian Tietz;D;0;0;0
1201;39;0;Markus Scholz;D;0;0;0
1202;39;0;Patrick Wiegers;D;0;0;0
1203;39;4;Giuliano Modica;I/ARG;36;2;0
1204;39;5;Michael Hefele;D;36;7;0
1205;39;20;Fabian Müller;D;32;0;0
1206;39;7;Niklas Kreuzer;D;23;0;0
1207;39;8;Nils Teixeira;D;15;0;0
1208;39;18;Jannik Müller;D;15;0;0
1209;39;0;Fabian Holthaus;D;10;0;0
1210;39;28;Niklas Landgraf;D;1;0;0
1211;39;11;Justin Eilers;D;36;21;0
1212;39;17;Andreas Lambertz;D;33;3;0
1213;39;34;Marvin Stefaniak;D;32;3;0
1214;39;15;Aias Aosman;TUR;31;5;0
1215;39;6;Marco Hartmann;D;29;4;0
1216;39;21;Quirin Moll;D;23;0;0
1217;39;16;Jim-Patrick Müller;D;19;0;0
1218;39;22;Sinan Tekerci;TUR/D;19;1;0
1219;39;31;Robert Andrich;D;8;1;0
1220;39;10;Luca Dürholtz;D;4;0;0
1221;39;36;Niklas Hauptmann;D;1;0;0
1222;39;29;Robin Fluß;D;0;0;0
1223;39;37;Pascal Testroet;D;29;18;0
1224;39;0;Stefan Kutschke;D;13;2;0
1225;39;0;Tim Väyrynen;FIN;12;2;0
1226;39;0;Mathias Fetsch;D;5;0;0
1227;39;38;Tom Hagemann;D;0;0;0
1228;54;1;Martin Männel;D;36;0;0
1229;54;31;Mario Seidel;D;0;0;0
1230;54;0;Robert Jendrusch;D;0;0;0
1231;54;0;Calogero Rizzuto;D/I;34;0;0
1232;54;0;Steve Breitkreuz;D;34;5;0
1233;54;0;Adam Susac;CRO;32;0;0
1234;54;17;Sebastian Hertner;D;29;1;0
1235;54;0;Julian Riedel;FIN/D;23;0;0
1236;54;0;Pawel Baranowski;PL;2;0;0
1237;54;2;Benedikt Krug;D;1;0;0
1238;54;3;Marcin Sieber;D;0;0;0
1239;54;18;Nils Miatke;D;0;0;0
1240;54;0;Ömer Yildirim;D/TUR;0;0;0
1241;54;0;Philipp Riese;D;35;1;0
1242;54;0;Simon Skarlatidis;D;33;3;0
1243;54;0;Louis Samson;D;31;1;0
1244;54;0;Mario Kvesic;BOS/CRO;30;4;0
1245;54;33;Christian Tiffert;D;29;0;0
1246;54;8;Mike Könnecke;D;23;1;0
1247;54;0;Simon Handle;D;23;1;0
1248;54;0;Cebio Soukou;D;14;2;0
1249;54;0;Björn Kluft;D;11;1;0
1250;54;6;Philip Hauck;D;0;0;0
1251;54;0;Nicky Adler;D;32;6;0
1252;54;9;Max Wegner;D;29;4;0
1253;54;0;Pascal Köpke;D;12;7;0
1254;54;13;Tom Nattermann;D;8;0;0
1255;54;0;Hakki Yildiz;D;2;0;0
1256;54;14;Killien Jungen;NL;0;0;0
1257;49;28;Robert Wulnikowski;D;35;0;0
1258;49;1;Dominik Brunnhübner;D;2;0;0
1259;49;19;Kenan Mujezinovic;D;0;0;0
1260;49;26;Royal Dominique Fennell;D;35;4;0
1261;49;11;Richard Weil;D;34;3;0
1262;49;5;Clemens Schoppenhauer;D;29;1;0
1263;49;3;Dominik Nothnagel;D;28;1;0
1264;49;16;Peter Kurzweg;D;27;0;0
1265;49;22;Dennis Russ;D;16;1;0
1266;49;25;Paul Thomik;D;11;0;0
1267;49;6;Niklas Weißenberger;D;10;0;0
1268;49;21;Christian Demirtas;D;4;0;0
1269;49;31;Nico Herzig;D;3;0;0
1270;49;4;Rico Benatelli;D/I;34;5;0
1271;49;14;Joannis Karsanidis;D;31;2;0
1272;49;9;Amir Shapourzadeh;D;29;6;0
1273;49;0;Nejmeddin Daghfous;D;25;4;0
1274;49;20;Daniel Nagy;HUN;24;0;0
1275;49;7;Marco Haller;D;19;0;0
1276;49;32;Lukas Billick;D;17;0;0
1277;49;8;Liridon Vocaj;;14;0;0
1278;49;0;Emanuel Taffertshofer;D;12;0;0
1279;49;18;Nico Gutjahr;D;4;0;0
1280;49;2;Dennis Schmitt;D;0;0;0
1281;49;27;Adam Jabiri;D;25;4;0
1282;49;37;Christopher Bieber;D;16;1;0
1283;49;0;Elia Soriano;I;10;7;0
1284;49;23;Fabian Weiß;D;1;0;0
1285;49;17;Daniele Bruno;D;0;0;0
1286;48;20;Marvin Schwäbe;D;36;0;0
1287;48;1;Frank Lehmann;D;0;0;0
1288;48;23;Michael Hohnstedt;D;34;3;0
1289;48;24;Tobias Willers;D;34;0;0
1290;48;5;David Pisot;D;33;5;0
1291;48;6;Alexander Dercho;D;33;0;0
1292;48;0;Anthony Syhre;D;33;3;0
1293;48;27;Kim Falkenberg;D;26;0;0
1294;48;0;Lars Bleker;D;10;0;0
1295;48;21;Davide Grassi;I;4;0;0
1296;48;16;Nicolas Eiter;D;0;0;0
1297;48;25;Christian Groß;D;35;4;0
1298;48;7;Massimo Ornatelli;I;33;3;0
1299;48;29;Marcos Alvarez;D;30;10;0
1300;48;18;Marcel Kandziora;D;23;3;0
1301;48;22;Sofien Chahed;D;15;0;0
1302;48;15;Maik Odenthal;D;8;0;0
1303;48;10;Simon Tüting;D;6;1;0
1304;48;26;Stephan Thee;D;6;0;0
1305;48;28;Deniz Taskesen;D/TUR;6;0;0
1306;48;0;Kamer Krasniqi;ALB;5;0;0
1307;48;19;Nicolas Feldhahn;D;1;0;0
1308;48;8;Tom Merkens;D;0;0;0
1309;48;9;Halil Savran;D;34;9;0
1310;48;13;Addy-Waku Menga;CGO;27;1;0
1311;48;11;Francky Sembolo;CGO;20;2;0
1312;48;0;Steffen Tigges;D;10;0;0
1313;41;1;Christopher Gäng;D;24;0;0
1314;41;12;Kevin Broll;D;14;0;0
1315;41;16;Bojan Spasojevic;D;0;0;0
1316;41;17;Sebastian Schiek;D;34;3;0
1317;41;35;Julian Leist;D;34;0;0
1318;41;25;Kai Gehring;D;25;3;0
1319;41;22;Daniel Hägele;D;21;0;0
1320;41;27;David Kienast;D;20;0;0
1321;41;19;Josip Landeka;CRO;11;1;0
1322;41;30;Mirko Schuster;D;9;0;0
1323;41;15;Felice Vecchione;I;6;0;0
1324;41;5;Robin Schuster;D;5;0;0
1325;41;28;Robin Binder;D;0;0;0
1326;41;33;Christian Heinrich;D;0;0;0
1327;41;11;Maximilian Dittgen;D;35;6;0
1328;41;20;Michele Rizzi;D;34;9;0
1329;41;18;Timo Röttger;D;32;9;0
1330;41;7;Shqiprim Binakaj;ALB;31;4;0
1331;41;0;Bashkim Renneke;D;31;3;0
1332;41;21;Tobias Schröck;D;27;0;0
1333;41;24;Jeremias Lorch;D;14;0;0
1334;41;34;Nicolas Jüllich;D;3;0;0
1335;41;23;Denis Berger;A;0;0;0
1336;41;31;Tobias Rühle;D;34;6;0
1337;41;9;Pascal Breier;D;30;11;0
1338;41;0;Roussel Ngankam;D/CMR;13;0;0
1339;41;8;Pascal Sohm;D;5;1;0
1340;41;13;Jan Niklas Schommer;D;2;0;0
1341;42;12;Jan Glinker;D;35;0;0
1342;42;1;Matthias Tischer;D;1;0;0
1343;42;30;Lukas Cichos;D;0;0;0
1344;42;16;Nils Butzen;D;30;0;0
1345;42;3;Christopher Handke;D;28;0;0
1346;42;0;Andre Hainault;CAN;18;0;0
1347;42;19;Michel Niemeyer;D;17;2;0
1348;42;4;Silvio Bankert;D;12;0;0
1349;42;0;Nico Hammann;D;11;0;0
1350;42;0;David Kinsombi;D;9;0;0
1351;42;13;Ryan Malone;USA;8;2;0
1352;42;5;Felix Schiller;D;6;0;0
1353;42;2;Lukas Novy;CZE;0;0;0
1354;42;17;Marius Sowislo;D;34;6;0
1355;42;14;Niklas Brandt;D;31;2;0
1356;42;6;Jan Löhmannsröben;D;30;1;0
1357;42;24;Tarek Chahed;D;30;2;0
1358;42;9;Manuel Farrona Pulido;D;28;4;0
1359;42;8;Steffen Puttkammer;D;24;0;0
1360;42;20;Ahmed Razeek;D;23;2;0
1361;42;0;Burak Altiparmak;D;19;1;0
1362;42;0;Sebastian Ernst;D;14;3;0
1363;42;15;Kevin Kruschke;D;9;0;0
1364;42;21;Sven Reimann;D;4;0;0
1365;42;10;Marcel Schlosser;D;1;0;0
1366;42;11;Christian Beck;D;36;19;0
1367;42;18;Nicolas Hebisch;D;21;1;0
1368;42;7;Lars Fuchs;D;19;3;0
1369;40;0;Niklas Lomb;D;36;0;0
1370;40;0;Maximilian Schulze-Niehues;D;0;0;0
1371;40;0;Marco Aulbach;D;0;0;0
1372;40;0;Björn Kopplin;D;36;2;0
1373;40;0;Marco Pischorn;D;34;3;0
1374;40;0;Felix Müller;D;28;1;0
1375;40;0;Benjamin Schwarz;D;24;0;0
1376;40;0;Marc Heitmeier;D;23;1;0
1377;40;0;Chris Philipps;LUX;23;0;0
1378;40;0;Stephane Tritz;F;15;0;0
1379;40;0;Lion Schweers;D;13;1;0
1380;40;0;Kevin Schöneberg;D;7;0;0
1381;40;0;Philipp Röhe;D;0;0;0
1382;40;0;Simon Scherder;D;0;0;0
1383;40;0;Aaron Berzel;D;0;0;0
1384;40;0;Mehmet Kara;TUR;34;3;0
1385;40;0;Philipp Hoffmann;D;32;4;0
1386;40;0;Amaury Bischoff;F/POR;31;3;0
1387;40;0;Charles Elie Laprevotte;F;27;2;0
1388;40;0;Danilo Wiebe;D;20;1;0
1389;40;0;Marcus Piossek;D;6;2;0
1390;40;0;Rogier Krohne;NL;32;5;0
1391;40;0;Marcel Reichwein;D;32;7;0
1392;40;0;Cihan Özkara;D;22;1;0
1393;40;0;Abdenour Amachaibou;D/MAR;14;1;0
1394;40;0;Adriano Grimaldi;I;10;3;0
1395;40;0;Lennart Stoll;D;1;0;0
1396;40;0;Jesse Weißenfels;D;0;0;0
1397;47;22;Kevin Kunz;D;29;0;0
1398;47;0;Marius Gersbeck;D;5;0;0
1399;47;1;Daniel Batz;D;2;0;0
1400;47;32;Kevin Tittel;D;1;0;0
1401;47;2;Jamil Dem;D;34;3;0
1402;47;3;Nils Röseler;D;31;0;0
1403;47;5;Marc Endres;D;30;0;0
1404;47;4;Kevin Conrad;D;25;2;0
1405;47;23;Stefano Cincotta;D;22;3;0
1406;47;24;Alexander Nandzik;D;15;1;0
1407;47;0;Alexander Bittroff;D;15;0;0
1408;47;14;Marco Kehl-Gomez;CH;11;0;0
1409;47;31;Tom Scheffel;D;4;0;0
1410;47;0;Jan Koch;D;3;0;0
1411;47;0;Dan-Patrick Poggenberg;D;0;0;0
1412;47;13;Tim Danneberg;D;32;5;0
1413;47;19;Philip Türpitz;D;29;4;0
1414;47;20;Fabian Stenzel;D;29;0;0
1415;47;11;Reagy Ofosu;D;16;1;0
1416;47;0;Ville Matti Steinmann;D;14;0;0
1417;47;30;Marcel Kaffenberger;D;13;1;0
1418;47;8;Christian Cappek;D;11;1;0
1419;47;21;Alexander Dartsch;D;11;1;0
1420;47;0;Eke Uzoma;NGA;9;0;0
1421;47;28;Timo Cecen;D;8;0;0
1422;47;7;Marco Rapp;D;1;0;0
1423;47;29;Karol Karlik;SVK;0;0;0
1424;47;0;Marc Hensel;D;0;0;0
1425;47;9;Anton Fink;D;33;14;0
1426;47;27;Ronny König;D;25;1;0
1427;47;15;Frank Löning;D;13;2;0
1428;47;0;Daniel Frahn;D;13;7;0
1429;47;0;Tom Baumgart;D;11;1;0
1430;47;17;Martin Fenin;CZE;2;0;0
1431;45;0;Robin Zentner;D;23;0;0
1432;45;25;Niklas Jakusch;D;13;0;0
1433;45;12;Bernd Schipmann;D;0;0;0
1434;45;18;Kenneth Kronholm;D;0;0;0
1435;45;19;Patrick Herrmann;D;36;0;0
1436;45;33;Rafael Czichos;D;32;7;0
1437;45;7;Patrick Kohlmann;D;29;0;0
1438;45;3;Dominik Schmidt;D;27;4;0
1439;45;0;Eidur Aron Sigurbjörnsson;NOR;10;0;0
1440;45;4;Manuel Hartmann;D;6;0;0
1441;45;13;Marlon Krause;D;6;0;0
1442;45;29;Hauke Wahl;D;3;0;0
1443;45;0;Arne Sicker;D;1;0;0
1444;45;15;Fabian Schnellhardt;D;33;5;0
1445;45;21;Tim Siedschlag;D;30;1;0
1446;45;14;Maik Kegel;D;29;0;0
1447;45;5;Denis Weidlich;D;28;0;0
1448;45;6;Evans Nyarko;GHA/D;14;1;0
1449;45;0;Manuel Janzer;D;14;3;0
1450;45;31;Finn Wirlmann;D;9;0;0
1451;45;0;Willi Evseev;D;7;1;0
1452;45;28;Rene Guder;D;5;1;0
1453;45;8;Milad Salem;AFG;1;0;0
1454;45;20;Marc Heider;D;36;3;0
1455;45;9;Manuel Schäffler;D;35;3;0
1456;45;0;Steven Lewerenz;D;33;10;0
1457;45;10;Saliou Sane;SEN/D;26;0;0
1458;45;0;Mathias Fetsch;D;15;3;0
1459;45;15;Fabian Arndt;D;0;0;0
1460;53;1;Philipp Klewin;D;20;0;0
1461;53;0;Eric Domaschke;D;14;0;0
1462;53;31;Paul Büchel;D;0;0;0
1463;53;25;Mario Erb;D;35;3;0
1464;53;6;André Laurito;D;31;0;0
1465;53;4;Jannis Nikolaou;D;28;1;0
1466;53;17;Luka Odak;CRO;25;0;0
1467;53;24;Juri Judt;D;25;0;0
1468;53;20;Fabian Hergesell;D;19;0;0
1469;53;0;Daniel Brückner;D;13;0;0
1470;53;0;Samir Benamar;D;12;1;0
1471;53;3;Sascha Eichmeier;D;10;0;0
1472;53;21;Jens Möckel;D;8;2;0
1473;53;34;Thure Ilgner;D;0;0;0
1474;53;8;Okan Aydin;D;35;6;0
1475;53;13;Sebastian Tyrala;D;34;5;0
1476;53;22;Christoph Menz;D;32;5;0
1477;53;23;Pablo Pigl;D;24;0;0
1478;53;0;Marc Höcher;NL;17;3;0
1479;53;7;Theodor Bergmann;D;12;0;0
1480;53;15;Florian Bichler;D;12;0;0
1481;53;26;Amer Kadric;BOS;3;0;0
1482;53;11;Patrick Schikowski;D;1;0;0
1483;53;14;Julian Löschner;D;1;0;0
1484;53;0;Fabian Burdenski;D;1;0;0
1485;53;18;Patrick Twardzik;CZE;0;0;0
1486;53;27;Carsten Kammlott;D;32;12;0
1487;53;33;Sebastian Szimayer;D;26;3;0
1488;53;9;Tugay Uzan;TUR;21;3;0
1489;53;19;Otis Breustedt;D;0;0;0
1490;52;1;Marcel Schuhen;D;36;0;0
1491;52;22;Johannes Brinkies;D;0;0;0
1492;52;27;Robin Schröder;D;0;0;0
1493;52;33;Maximilian Ahlschwede;D;33;3;0
1494;52;5;Matthias Henn;D;32;1;0
1495;52;13;Dennis Erdmann;D;31;1;0
1496;52;3;Marcus Hoffmann;D;24;1;0
1497;52;7;Christian Dorda;D;23;2;0
1498;52;0;Florian Esdorf;;4;0;0
1499;52;2;Markus Gröger;D;2;0;0
1500;52;29;Lukas Scherff;D;0;0;0
1501;52;0;Michael Gardawski;D;34;1;0
1502;52;29;Tobias Jänicke;D;32;5;0
1503;52;0;Stephan Andrist;CH;28;6;0
1504;52;15;Marco Kofler;A;27;1;0
1505;52;20;Marcel Gottschling;D;20;0;0
1506;52;8;Jose Alex Ikeng;D;15;1;0
1507;52;0;Ronny Garbuschewski;D;14;0;0
1508;52;39;Maik Baumgarten;D;13;1;0
1509;52;31;Kai Schwertfeger;D;11;0;0
1510;52;0;Melvin Platje;NL;11;1;0
1511;52;0;Stefan Wannenwetsch;D;10;0;0
1512;52;0;Christer Youssef;SWE;6;0;0
1513;52;4;Tommy Grupe;D;5;0;0
1514;52;11;Christian Bickel;D;3;2;0
1515;52;35;Aleksandar Stevanovic;SER/D;2;0;0
1516;52;9;Julius Perstaller;A;23;1;0
1517;52;38;Marcel Ziemer;D;18;6;0
1518;52;0;Soufian Benyamina;D;15;3;0
1519;52;0;Maik Lukowicz;D;13;1;0
1520;52;0;Hasan Ülker;;6;0;0
1521;51;1;André Poggenborg;D;29;0;0
1522;51;23;Tim Boss;D;8;0;0
1523;51;21;Antonio Vella;I;0;0;0
1524;51;4;Boné Uaferro;D;27;0;0
1525;51;3;Daniel Flottmann;D;26;0;0
1526;51;22;Florian Hörnig;D;26;2;0
1527;51;5;Markus Pazurek;D;18;2;0
1528;51;6;Dennis Engelman;D;16;0;0
1529;51;2;Tobias Fink;D;15;0;0
1530;51;0;Cederic Mimbala;COD;6;0;0
1531;51;0;Cimo-Patric Röcker;D;5;0;0
1532;51;17;Jannik Schneider;D;4;0;0
1533;51;31;Kunizka Kuss;D;0;0;0
1534;51;0;Burak Mus;TUR;0;0;0
1535;51;20;Julius Valentin Biada;D;33;13;0
1536;51;28;Lars Bender;D;33;1;0
1537;51;30;Hamdi Dahmani;D/TUN;31;4;0
1538;51;16;Kusi Kwame;GHA/D;28;0;0
1539;51;34;Kristoffer Andersen;B;24;1;0
1540;51;0;Michael Kessel;D;24;2;0
1541;51;13;Johannes Rahn;D;23;2;0
1542;51;29;Andreas Glockner;D;22;0;0
1543;51;20;Oliver Schröder;D;21;0;0
1544;51;0;Cauly Oliveira Souza;BRA;18;6;0
1545;51;0;Kai-David Bösing;D;6;0;0
1546;51;8;Can Serdar;D;5;0;0
1547;51;0;Christopher Theisen;D;4;0;0
1548;51;19;Ozan Yilmaz;D;0;0;0
1549;51;0;Ergün Pala;D;0;0;0
1550;51;33;Marco Königs;D;34;16;0
1551;51;0;Serhat Koruk;TUR;5;0;0
1552;55;1;Fabian Bredlow;D;34;0;0
1553;55;31;Lukas Königshofer;A;2;0;0
1554;55;3;Pierre Kleinheider;D;0;0;0
1555;55;27;Marco Engelhardt;D;34;3;0
1556;55;13;Stefan Kleineheismann;D;31;2;0
1557;55;3;Dominic Rau;D;26;0;0
1558;55;0;Jonas Acquistapace;D;25;1;0
1559;55;7;Florian Brügmann;D;23;1;0
1560;55;25;Marcel Baude;D;16;0;0
1561;55;34;Max Barnhofsky;D;13;0;0
1562;55;33;Robin Urban;D;1;0;0
1563;55;0;André Wallenborn;D;1;0;0
1564;55;5;Patrick Mouaya;COD;0;0;0
1565;55;0;Alexander Schmitt;D;0;0;0
1566;55;0;Florian Krebs;D;0;0;0
1567;55;20;Sören Bertram;D;33;9;0
1568;55;26;Dorian Diring;F;28;3;0
1569;55;4;Ivica Banovic;CRO;25;3;0
1570;55;6;Toni Lindenhahn;D;24;3;0
1571;55;23;Sascha Pfeffer;D;24;0;0
1572;55;10;Selim Aydemir;TUR;21;3;0
1573;55;18;Tim Kruse;D;21;1;0
1574;55;22;Maximilian Jansen;D;20;0;0
1575;55;9;Björn Ziegenbein;D;10;0;0
1576;55;0;Mike-Steven Bähre;D;6;0;0
1577;55;35;Osayamen Osawe;ENG;36;10;0
1578;55;8;Tobias Müller;D;21;2;0
1579;55;14;Timo Furuholm;FIN;16;3;0
1580;55;0;Lukas Stagge;D;3;0;0
1581;46;1;Daniel Bernhardt;D;35;0;0
1582;46;25;Oliver Schnitzler;D;2;0;0
1583;46;27;Markus Schwabl;D;35;0;0
1584;46;4;Oliver Barth;D;32;0;0
1585;46;5;Fabian Menig;D;32;0;0
1586;46;29;Sebastian Neumann;D;32;3;0
1587;46;21;Thorsten Schulz;D;28;0;0
1588;46;17;Alexandros Kartalis;GR;24;1;0
1589;46;22;Dennis Chessa;D;17;0;0
1590;46;0;Jonatan Kotzke;D;13;1;0
1591;46;16;Ruben Reisig;D;3;0;0
1592;46;31;Maximilian Welzmüller;D;32;0;0
1593;46;11;Michael Klauß;D;28;1;0
1594;46;18;Robert Müller;D;25;2;0
1595;46;8;Mika Ojala;FIN;20;4;0
1596;46;0;Vasiliadis Sebastian;GR;6;0;0
1597;46;32;Nicola Zahner;D;3;0;0
1598;46;9;Dren Hodja;ALB/D;2;0;0
1599;46;6;Dwayn Holter;LUX;0;0;0
1600;46;10;Matthias Morys;D;32;6;0
1601;46;24;Dominick Drexler;D;30;9;0
1602;46;20;Steffen Kienle;D;25;2;0
1603;46;0;Gerrit Wegkamp;D;22;3;0
1604;46;7;Randy Edwini-Bonsu;CAN/GHA;10;0;0
1605;43;26;Rouven Sattelmaier;D;20;0;0
1606;43;38;Carl Klaus;D;12;0;0
1607;43;1;Korbinian Müller;D;6;0;0
1608;43;27;Fabian Baumgärtel;D;35;3;0
1609;43;16;Fabio Leutenecker;D;31;1;0
1610;43;21;Marc Stein;D;31;1;0
1611;43;4;Hendrik Starostzik;D;26;0;0
1612;43;5;Manuel Bihr;D;22;0;0
1613;43;25;Alessandro Abruscia;I;20;3;0
1614;43;6;Sandrino Braun;D;29;4;0
1615;43;24;Edisson Jordanov;D;24;1;0
1616;43;33;Markus Mendler;D;22;2;0
1617;43;8;Gerrit Müller;D;21;3;0
1618;43;28;Bentley Baxter Bahn;D;20;0;0
1619;43;0;Vincenzo Marchese;D;19;0;0
1620;43;0;Tobias Pachonik;D;14;0;0
1621;43;0;Klaus Gjasula;D;14;0;0
1622;43;18;Marco Gaiser;D;3;0;0
1623;43;12;Andreas Ivan;D;2;0;0
1624;43;17;Gratas Sirgedas;LIT;1;0;0
1625;43;0;Lasse Lehmann;D;1;0;0
1626;43;0;Daniel Lang;D;1;0;0
1627;43;7;Marco Calamita;D;0;0;0
1628;43;23;Daniel Kaiser;D;0;0;0
1629;43;0;Jose Alex Ikeng;D;0;0;0
1630;43;0;Erich Berko;D;34;11;0
1631;43;11;Lhadji Badiane;F;21;2;0
1632;43;9;Elia Soriano;I;18;3;0
1633;43;37;Manuel Fischer;D;14;0;0
1634;43;0;Stephane Mvibudulu;D;14;1;0
1635;43;0;Bajram Nebihi;D;12;2;0
1636;43;0;Petar Sliskovic;CRO;7;0;0
1637;43;19;Daniel Engelbrecht;D;3;0;0
1638;38;18;Jannik Huth;D;30;0;0
1639;38;0;Daniel Zeaiter;D;5;0;0
1640;38;0;Florian Müller;D;1;0;0
1641;38;59;Lukas Watkowiak;D;0;0;0
1642;38;0;Denis Wieszolek;D;0;0;0
1643;38;2;Fabian Kalig;D;34;1;0
1644;38;34;Tobias Schilk;D;29;1;0
1645;38;15;Tevin Ihrig;D;20;0;0
1646;38;21;Marcel Costly;D;20;1;0
1647;38;24;Alexander Hack;D;17;0;0
1648;38;47;Malte Moos;D;16;0;0
1649;38;0;Patrick Schorr;D;12;1;0
1650;38;0;Charmaine Häusl;D;9;0;0
1651;38;0;Niko Bungert;D;1;1;0
1652;38;0;Patrick Pflücke;D;35;0;0
1653;38;8;Daniel Bohl;D;34;0;0
1654;38;29;Devante Parker;D;33;6;0
1655;38;0;Julian Derstroff;D;33;9;0
1656;38;45;Benedikt Saller;D;32;4;0
1657;38;25;Philipp Klement;D;15;6;0
1658;38;0;Tim Müller;D;14;0;0
1659;38;0;Suat Serdar;D;6;0;0
1660;38;0;Bilal Kamarieh;D;4;0;0
1661;38;0;Chinedu Ede;D;4;0;0
1662;38;0;Todor Nedelev;BUL;3;0;0
1663;38;11;Dennis Franzin;D;1;0;0
1664;38;0;Maximilian Wagener;D;1;0;0
1665;38;0;Maximilian Beister;D;1;0;0
1666;38;0;Christoph Moritz;D;1;0;0
1667;38;14;Alexander Wähling;D;0;0;0
1668;38;0;Michael Falkenmayer;D;0;0;0
1669;38;0;Maxim Bujnov;D;0;0;0
1670;38;0;Marcel Hammann;D;0;0;0
1671;38;19;Lucas Höler;D;35;10;0
1672;38;17;Araon Seydel;D;22;1;0
1673;38;0;Marc Wachs;D;19;0;0
1674;38;0;Tom Schmitt;D;0;0;0
1675;37;33;Daniel Lück;D;20;0;0
1676;37;1;René Renno;D;16;0;0
1677;37;0;Mateusz Trochanowski;A;1;0;0
1678;37;43;Avdo Spahic;BOS;0;0;0
1679;37;23;Robin Szarka;D;33;0;0
1680;37;5;Uwe Möhrle;D;32;1;0
1681;37;0;Christopher Schorch;D;22;2;0
1682;37;4;Cederic Mimbala;COD;17;0;0
1683;37;0;Valentin Cretu;ROM;12;0;0
1684;37;2;Robert Berger;D;7;0;0
1685;37;21;Nestor Djengoue;I/CMR;7;0;0
1686;37;26;Philipp Knechtel;D;5;0;0
1687;37;40;Tim Häußler;D;1;0;0
1688;37;0;Czyborra Michael;D;1;0;0
1689;37;25;Thomas Hübener;D;0;0;0
1690;37;17;Fabio Kaufmann;D;33;1;0
1691;37;6;Joni Kauko;FIN;32;4;0
1692;37;20;Manuel Zeitz;D;27;0;0
1693;37;22;Marco Holz;D;26;1;0
1694;37;34;Torsten Mattuschka;D;22;1;0
1695;37;28;Jonas Zickert;D;15;0;0
1696;37;0;Andrei Lungu;ROM;7;0;0
1697;37;7;Nikolas Ledgerwood;CAN;6;0;0
1698;37;13;Ronny Garbuschewski;D;6;1;0
1699;37;0;Felix Geisler;D;4;0;0
1700;37;27;Alihan Ayvaz;D;0;0;0
1701;37;38;Paul Maurer;D;0;0;0
1702;37;8;Patrick Breitkreuz;D;32;7;0
1703;37;0;Richard Sukuta-Pasu;D;29;8;0
1704;37;10;Mounir Bouziane;F;26;1;0
1705;37;11;Sven Michel;D;21;2;0
1706;37;0;Sergi Arimany;E;6;0;0
1707;37;14;Frederick Kyereh;D;3;0;0
1708;37;18;Andy Hebler;D;2;0;0
1709;44;22;Tobias Duffner;D;15;0;0
1710;44;43;Eric Oelschlägel;D;7;0;0
1711;44;0;Raphael Wolf;D;2;0;0
1712;44;0;Marnon Busch;D;28;0;0
1713;44;0;Oliver Hüsing;D;27;1;0
1714;44;4;Jesper Verlaat;NL;19;1;0
1715;44;29;Leon Guwara;D;18;2;0
1716;44;31;Torben Rehfeldt;D;15;0;0
1717;44;5;Angelos Argyris;GR;12;0;0
1718;44;0;Luca-Milan Zander;D;10;0;0
1719;44;24;Patrick Mainka;D;9;0;0
1720;44;0;Milos Veljkovic;CH;5;0;0
1721;44;0;Janek Sternberg;D;4;0;0
1722;44;0;Mateo Pavlovi?;CRO;4;0;0
1723;44;0;Ulisses Garcia;CH;4;0;0
1724;44;0;Santiago Garcia;ARG;1;0;0
1725;44;2;Artur Piperkow;D;0;0;0
1726;44;16;Timo Dressler;D;0;0;0
1727;44;18;Leon Lingerski;D;0;0;0
1728;44;49;Burat Yigit;D;0;0;0
1729;44;32;Rafael Kazior;D;33;7;0
1730;44;0;Julian von Haacke;D;27;4;0
1731;44;33;Marcel Hilßner;D;23;5;0
1732;44;8;Mohamed Aidara;F;20;0;0
1733;44;6;Björn Rother;D;19;1;0
1734;44;0;Giorgi Papunashvili;GEO;18;2;0
1735;44;14;Ole Käuper;D;15;0;0
1736;44;0;Levent Aycicek;D;13;1;0
1737;44;0;Lukas Fröde;D;13;0;0
1738;44;3;Thore-Andreas Jacobsen;D;10;1;0
1739;44;13;Philipp Eggersglüß;D;9;2;0
1740;44;0;Maximilian Eggestein;D;8;1;0
1741;44;0;Özkan Yildirim;D;4;1;0
1742;44;9;Maik Lukowicz;D;2;0;0
1743;44;0;Abdullah Dogan;D;1;0;0
1744;44;23;Karim Raho;D;0;0;0
1745;44;48;Tobias Schwede;D;0;0;0
1746;44;47;Ousman Manneh;GAM;26;3;0
1747;44;46;Enis Bytyqi;D;18;1;0
1748;44;0;Martin Kobylanski;D/PL;13;1;0
1749;44;0;Melvyn Lorenzen;D;9;1;0
1750;44;7;Onur Capin;D;6;0;0
1751;44;0;Florian Grillitsch;A;5;1;0
1752;44;21;Pedro Güthermann;D;0;0;0
1753;50;1;Marcus Kolke;D;36;0;0
1754;50;19;Niklas Reichel;D;0;0;0
1755;50;25;Maximilian Reule;D;0;0;0
1756;50;14;Thomas Geyer;D;33;0;0
1757;50;0;Niklas Dams;D;28;1;0
1758;50;23;Alf Mintzel;D;25;0;0
1759;50;3;Michael Vitzthum;D;19;1;0
1760;50;0;Steven Ruprecht;D;18;1;0
1761;50;17;Daniel Wein;D;9;0;0
1762;50;5;Fabian Franke;D;6;0;0
1763;50;18;Jonas Acquistapace;D;1;0;0
1764;50;8;Jonatan Kotzke;D;0;0;0
1765;50;21;David Blacha;D;35;1;0
1766;50;20;Marc Lorenz;D;34;2;0
1767;50;32;Kevin Schindler;D;34;6;0
1768;50;6;Patrick Funk;D;32;0;0
1769;50;27;Kevin Pezzoni;D;30;0;0
1770;50;31;Sebastian Mrowca;D;27;0;0
1771;50;28;Nils-Ole Book;D;20;2;0
1772;50;0;Jaroslaw Lindner;D;16;1;0
1773;50;4;Sven Mende;D;10;0;0
1774;50;0;Timm Golley;D;10;0;0
1775;50;13;Marius Kleinsorge;D;2;0;0
1776;50;0;Christian Cappek;D;2;0;0
1777;50;0;Michael Wiemann;D;0;0;0
1778;50;0;Alexander Riemann;D;0;0;0
1779;50;24;Luca Schnellbacher;D;28;7;0
1780;50;0;Torsten Oehrl;D;22;7;0
1781;50;9;Patrick Mayer;D;7;0;0
1782;50;0;Saer Sene;F;5;0;0
1783;50;11;Soufian Benyamina;D;2;0;0
1784;56;0;Benjamin Uphoff;D;21;0;0
1785;56;33;Marius Funk;D;7;0;0
1786;56;12;Niklas Bolten;D;3;0;0
1787;56;0;Mitchell Langerak;AUS;1;0;0
1788;56;3;Philipp Mwene;A;32;0;0
1789;56;2;Stefan Peric;A;30;0;0
1790;56;4;Stephen Sama;ENG;19;1;0
1791;56;27;Thomas Hagn;D;16;1;0
1792;56;5;Daniel Vier;BRA/D;15;1;0
1793;56;15;Benjamin Kirchhoff;D;15;0;0
1794;56;6;Francesco Lovric;A;9;0;0
1795;56;13;Mete Celik;TUR;6;0;0
1796;56;0;Philipp Heise;D;2;0;0
1797;56;0;Timo Baumgartl;D;1;0;0
1798;56;24;Marvin Jäger;D;0;0;0
1799;56;25;Matthias Zimmermann;D;34;1;0
1800;56;17;Tobias Rathgeb;D;32;0;0
1801;56;18;Max Besuschkow;D;31;4;0
1802;56;0;Mart Ristl;D;20;0;0
1803;56;0;Arianit Ferati;D;15;3;0
1804;56;0;Marvin Wanitzek;D;15;3;0
1805;56;0;Jerome Kiesewetter;D;14;1;0
1806;56;0;Joel Sonora;USA;10;0;0
1807;56;16;Simon Kranitz;D;0;0;0
1808;56;0;Marvin Wanitzek;D;0;0;0
1809;56;9;Marco Grüttner;D;31;5;0
1810;56;21;Daniele Gabriele;D;30;5;0
1811;56;23;Caniggia Ginola Elva;LCA;21;1;0
1812;56;29;Borys Tashchy;RUS;19;6;0
1813;56;7;Adrian Grbic;A;15;0;0
1814;56;19;Prince-Osei Owusu;D;13;0;0
1815;56;0;Cacau;D/BRA;8;3;0
1816;56;11;Daniel Ripic;A;6;2;0
1817;56;0;Jan Kliment;CZE;1;0;0;